Age,Annual Income,Gender,Education Level,Credit Score,Account Balance,Spending Score,Marital Status,Will Purchase
62,19753.9005830036,Male,PhD,603.3341879886539,20620.591438669137,23,Single,0
65,41908.18049938248,Female,Master,648.2762476955801,29185.403439338723,94,Married,1
18,45864.94198159165,Male,Master,653.6338949551895,20042.774630031552,75,Married,1
21,39354.08051229668,Male,PhD,639.7082987390631,14914.918991875937,60,Single,0
21,76083.09016181766,Female,PhD,631.1226540470356,10738.286716524819,57,Married,1
57,64915.91586973248,Female,High School,692.7321364356225,16433.365048039617,51,Married,1
27,69787.05314452364,Male,Master,667.1213675643414,11188.85551229561,68,Divorced,1
37,36763.71772175122,Female,Master,638.8286943902652,24152.586845212987,33,Divorced,0
39,66928.91096771853,Male,Master,773.2160966757683,23905.83633091123,37,Widowed,0
68,57440.014195159434,Male,High School,659.6915868464207,15621.590863897249,74,Divorced,1
54,61571.089230152684,Male,High School,706.6002566838665,23069.90654234713,98,Married,1
41,65441.58243174151,Female,Bachelor,621.9509498434122,17117.72673521509,36,Divorced,0
24,36368.5513106142,Male,PhD,581.8529526395995,19771.928586125705,6,Divorced,0
42,43635.23568533148,Female,PhD,610.4121742178268,21859.77775782489,95,Divorced,1
42,62938.94016992677,Male,Master,636.5995108300945,17780.199954802538,44,Married,0
30,10165.713605376008,Female,Bachelor,625.1695895135241,22091.016743265584,98,Divorced,0
19,72699.92123859808,Female,Bachelor,716.8193091161397,11571.359747662242,70,Widowed,1
56,58296.98096311376,Female,Bachelor,643.9979438951946,20587.374939939848,29,Divorced,0
57,49314.44059009648,Male,Master,673.0734438720569,19825.23988806133,10,Married,0
41,53307.61483635761,Female,Master,647.6759421983555,9768.034318759448,62,Married,1
64,34550.970750365355,Female,High School,628.3222833633416,10951.549036342563,95,Divorced,0
42,44750.84953116343,Male,PhD,651.8998006726757,10702.381971865365,96,Married,1
35,66504.2650733056,Female,High School,735.7025734885366,22071.534169619757,58,Divorced,1
55,69470.32958489332,Female,Bachelor,611.6025704131592,20619.798134358305,66,Widowed,1
43,90443.36078845369,Male,Bachelor,688.3495225279776,21369.787885870202,19,Single,0
31,48891.13000579377,Female,PhD,598.699637418711,13368.107537459193,56,Single,1
26,40121.705497924944,Female,Master,627.018677886528,25694.869053331327,68,Married,1
27,42286.49051090017,Male,High School,650.1791602977291,24914.20609908695,6,Single,0
38,34729.37187068953,Male,PhD,666.3187544863496,16165.18482488336,82,Widowed,0
69,48832.178660887235,Female,Bachelor,724.1564313986908,25880.301382268983,39,Widowed,0
34,55740.98645018402,Male,Bachelor,647.4958679267733,18745.3880160942,28,Divorced,0
69,49486.36579202069,Male,PhD,607.8192196732036,11118.974879949843,8,Married,0
23,66445.20268498697,Male,High School,682.5020986525385,11836.526169245537,60,Married,1
33,46486.762979831954,Male,Master,631.7915095542122,23668.61743927503,96,Married,1
65,44788.24021252155,Male,Bachelor,661.9340785465918,19479.755946655103,97,Divorced,1
18,41280.97284709512,Male,Master,644.1888780231124,24406.124732269654,98,Widowed,1
36,25510.48210648257,Female,Bachelor,552.8271574356588,19558.134376337934,91,Widowed,0
53,26483.48413537319,Male,Master,675.4149592796987,21338.354466803892,49,Married,0
42,32312.631040434684,Male,Bachelor,679.168400341065,30617.63211490087,31,Divorced,0
67,69521.42107497141,Female,Bachelor,696.3302384154302,26984.245438157002,89,Single,1
69,63428.90409334895,Male,PhD,740.0231381230113,17835.863656947946,45,Married,0
47,70624.46099589484,Female,Bachelor,590.2448113268263,21874.843623515633,59,Single,1
37,30016.825181082473,Female,Master,675.825372214088,22472.227215308947,54,Divorced,0
37,20470.629653209697,Female,High School,670.4647498320478,23806.955837480535,82,Single,0
32,40099.15519798876,Female,PhD,629.0459003596089,20355.044025940148,82,Married,1
57,52637.28429944042,Female,Master,669.8553118224889,17532.34074752482,45,Single,0
50,57480.35412364741,Male,PhD,674.9823477555983,19981.885913817492,34,Married,0
19,65719.5823395208,Female,Master,589.0658085011402,17598.56445260812,57,Single,1
27,54264.19506210822,Female,PhD,662.3111380638217,28416.836406198963,6,Single,0
50,76140.03170983447,Male,Master,604.1007846997692,26203.63119417661,47,Single,0
49,46660.914785775196,Male,Bachelor,617.4071750034705,18981.92490560306,7,Single,0
28,36303.811729373054,Female,PhD,561.2627592405674,22141.46130346906,93,Married,0
41,24781.7267675835,Male,Bachelor,626.331953724876,19172.703678821552,21,Single,0
53,36665.42962856825,Male,PhD,639.8214664263262,25966.20567984106,2,Single,0
29,53631.76941477684,Female,PhD,677.4928433648196,25244.402582089962,82,Widowed,1
68,36669.19613969554,Female,Master,650.0449963335553,22843.054163554436,72,Single,0
46,64051.13695302886,Male,Master,572.885592460016,24356.32134807263,37,Widowed,0
52,71184.91559056165,Male,Bachelor,693.1074028442133,23302.854040207894,22,Married,0
18,14456.196421600955,Male,PhD,644.0706688224953,25870.309269041496,42,Single,0
18,62960.78450746472,Female,High School,674.4185295214829,22655.65686664599,42,Single,0
54,16405.93912007395,Female,Bachelor,698.2968059229851,20759.502645572615,21,Married,0
23,56022.485826354314,Male,PhD,721.1302374484518,17113.87188200381,63,Single,1
56,68373.0584629049,Male,PhD,748.0613494682508,12141.24631253409,75,Widowed,1
58,50972.841595153644,Male,PhD,646.3880620664166,19860.758097466438,8,Widowed,0
35,30804.662401936406,Female,Bachelor,665.5562223046827,16294.722332979352,56,Divorced,0
33,41218.53193583341,Female,Master,596.081945459161,20300.045334785616,62,Single,1
22,46075.31831433649,Female,PhD,703.080008501763,25702.44212093545,73,Divorced,1
59,47266.328243150856,Female,Master,590.7556277714115,20864.123377201766,86,Single,1
60,46956.547388499996,Male,Bachelor,559.7374155684789,17924.99164445188,55,Widowed,1
49,48351.758310360296,Male,Master,691.5193002670196,15734.356875691794,56,Single,1
19,53202.200733652535,Female,Bachelor,623.9151737526092,12849.32396288034,23,Married,0
19,31871.39519400168,Female,High School,688.880364067112,26664.02667678744,16,Divorced,0
57,46369.702551946706,Male,Master,670.4037324673085,11116.544905353754,90,Single,1
59,72773.91755533557,Male,High School,568.4998674488146,15326.084868844699,43,Widowed,0
53,44230.31865286223,Male,Bachelor,514.0160317838693,8433.990331514664,34,Widowed,0
56,43342.45860267203,Female,High School,595.1699126453641,18419.29212125142,100,Single,1
29,66172.95955571356,Male,Master,650.8245743490432,18288.57720119709,39,Widowed,0
64,11612.230004838553,Male,High School,588.9111832652615,17978.52789685253,31,Single,0
36,67720.67901932429,Male,Master,617.3619275325643,19684.350500117987,42,Widowed,0
45,40521.44362992249,Male,High School,577.0529634701337,15893.674627911203,78,Single,1
18,52458.92858678881,Male,Master,658.4938979898462,15431.72179755633,87,Single,1
32,51444.82033881795,Female,Bachelor,654.5412963518163,29089.13206630538,36,Widowed,0
53,64137.02178830591,Female,High School,625.9303687976184,18329.685258183144,74,Divorced,1
30,45986.078806469784,Female,High School,719.8532650656871,24538.293124733827,92,Married,1
60,39829.613276533244,Female,PhD,724.8857513659782,15816.144786735058,31,Married,0
38,69467.68685976649,Female,High School,678.2633601268226,28063.642973760434,13,Divorced,0
29,14537.392742882297,Male,PhD,560.0114409266628,27570.910655038988,63,Married,0
22,50305.01272557865,Male,Master,594.7654926397196,21155.093411086382,15,Married,0
24,29781.118660563196,Male,PhD,670.3565165541625,14502.342035152584,99,Widowed,0
22,38576.399176151615,Male,High School,618.5721209877705,20435.006928638304,99,Divorced,0
65,80168.85022194705,Female,High School,625.6454284144088,20236.522500205287,77,Married,1
21,49331.068603162144,Female,PhD,694.948369729403,21198.119570447485,98,Single,1
30,52926.04545727072,Female,Master,675.5437410946208,15108.896919001647,76,Married,1
54,23276.55716441613,Female,Master,715.7077216906974,12384.999319103526,60,Married,0
58,39064.33011807957,Female,PhD,628.5395351676761,20811.815186910175,92,Single,0
32,52948.361010931774,Male,High School,718.7612710223449,19948.543418331406,55,Widowed,1
33,55321.365396698275,Male,High School,622.2934376457757,20010.375109596833,87,Divorced,1
38,59253.298315899185,Male,Master,724.9745745069381,25134.002894254838,54,Widowed,1
53,50129.41848376364,Female,High School,655.291732180839,12624.197584843172,56,Single,1
41,57905.06312681989,Male,High School,606.9745126445196,25053.468579939024,67,Divorced,1
33,56806.72868953526,Male,PhD,568.4390246173233,16283.86229991341,91,Widowed,1
31,22553.893834932027,Female,PhD,634.9263842569153,18023.8896707497,67,Single,0
39,50555.08582865224,Female,Bachelor,637.188365100228,15871.103183743648,65,Divorced,1
66,61518.53611599056,Male,PhD,692.8830955061226,20448.09928919626,80,Widowed,1
67,58848.19731101779,Female,Bachelor,644.4704748595897,10470.910626000363,59,Single,1
23,44542.11785043815,Male,PhD,628.3784010710777,17159.571398564032,21,Single,0
59,37915.602386909486,Female,PhD,703.8518736473768,17421.217273573235,44,Single,0
53,33225.321135175516,Female,High School,638.7586719364924,26319.651011815975,90,Divorced,0
18,48034.18982687881,Female,Bachelor,621.1879091886549,20753.49071893609,16,Widowed,0
49,66996.19819339583,Male,Bachelor,678.7304458646287,23477.591557481515,25,Divorced,0
23,20722.93847777597,Female,Master,625.5085890576366,20029.694071932514,61,Divorced,0
48,40101.62405405753,Male,PhD,682.9401070845756,14755.498142686427,4,Married,0
18,32902.96316859839,Male,PhD,620.1541444108402,24536.02434091624,9,Married,0
67,61774.3628186075,Female,High School,638.852040851481,15772.793289662162,21,Single,0
68,41685.355601430485,Male,High School,657.6088487794133,17368.78329613621,68,Widowed,1
54,42940.43512767813,Male,Bachelor,631.2936839867847,20910.498894047832,48,Single,0
52,46745.75645095026,Female,Bachelor,649.3274265321305,24727.69394723553,47,Single,0
66,56680.89876342196,Female,High School,690.773598462003,18993.077283586277,63,Single,1
47,44114.16502775545,Female,Master,670.5300895660024,27552.62365991638,20,Single,0
21,4307.8541780011,Female,High School,674.0484925017312,17142.607924739503,97,Married,0
52,58149.6783708128,Female,Master,618.2284780690367,23327.94643477316,46,Single,0
60,56585.64436508064,Male,High School,692.6414884137184,20018.081504753514,60,Married,1
31,46706.8845750318,Female,High School,683.4781170254541,27733.359191062096,61,Widowed,1
66,33739.45068992099,Male,Master,700.2209596130813,21072.030066304913,59,Married,0
57,55276.70166022037,Male,Master,613.6817083906949,10613.435909719516,7,Single,0
39,55688.5330030338,Male,Master,641.3770701659272,25441.67604904754,81,Divorced,1
27,42949.50675948688,Male,PhD,681.6766951230201,19592.257433297364,64,Widowed,1
18,46749.02794136692,Male,PhD,619.5592441291434,17234.690444658085,72,Married,1
28,36047.65246213518,Female,Master,638.6938765118022,26114.823809604193,88,Married,0
68,47321.163618690065,Male,PhD,746.2902868729764,18343.45681985249,21,Divorced,0
61,26743.559823747786,Male,Master,747.5880506133907,22999.93371581171,67,Married,0
41,56259.78231547753,Female,Master,711.997027491368,16158.083403511613,58,Divorced,1
20,35834.47263763559,Male,Master,696.9292568124885,15819.349365860062,96,Single,0
52,53571.54721748468,Female,Bachelor,599.0374425247435,29052.908802918057,27,Single,0
53,28910.55625598151,Female,High School,675.6281115713061,16064.836313686572,47,Single,0
48,41149.1353119569,Female,Master,632.0441702467058,17076.14531791266,71,Married,1
21,48342.658924011084,Female,PhD,597.0714051197316,11458.396040661584,78,Divorced,1
36,25089.50282196105,Male,PhD,624.549708070434,28149.911220039114,49,Widowed,0
64,51727.21809710138,Male,PhD,655.7832537023173,21989.99161647549,60,Divorced,1
53,44312.78655680116,Male,Bachelor,622.6322212850666,21188.898167262985,59,Married,1
38,23864.65703286154,Female,High School,622.4600287146579,24875.69205289314,51,Divorced,0
35,30451.358688315264,Male,PhD,689.6020749211488,13353.317153328664,95,Married,0
68,59076.8012612325,Female,High School,657.2053242561616,17294.766090401645,57,Married,1
45,63433.33978326986,Male,High School,661.6729039831159,19542.811343752448,46,Married,0
32,48021.37040330049,Male,Bachelor,655.593619844815,12257.644746357695,49,Widowed,0
59,56071.42718060746,Male,Bachelor,616.2148428314175,26557.135631749756,98,Single,1
19,53357.65344969366,Female,High School,581.4714041019656,19907.854749033166,24,Widowed,0
54,54944.34473191607,Male,Bachelor,665.5282355210239,18383.5568187225,69,Divorced,1
28,69289.7601062044,Male,Bachelor,624.6481683937278,21181.12744784142,73,Divorced,1
40,27395.02402678592,Male,Master,549.4608865707061,16237.088578316003,17,Widowed,0
61,60146.91098542435,Female,PhD,630.3716371017424,20225.56501906483,2,Widowed,0
58,44269.8656663327,Male,Bachelor,595.3891029329689,37137.69273501247,52,Married,1
29,46636.11598622539,Male,High School,684.9325117153878,23023.410151229007,46,Single,0
20,45466.25404317395,Female,High School,676.081261362017,28341.55529817163,81,Married,1
69,44372.793250080744,Male,Bachelor,674.8446572419235,18224.5843877204,39,Married,0
34,31607.05712325471,Female,Bachelor,616.7479190920654,16242.155049345309,5,Married,0
50,52750.08798886402,Female,High School,686.5775790931077,21548.517946858297,27,Divorced,0
18,75064.14549183285,Female,PhD,665.9824891567037,13291.475282879825,76,Widowed,1
56,49158.004693268645,Male,High School,629.507273078009,8465.211172771027,6,Divorced,0
37,49979.224358973566,Female,Bachelor,627.3331283930742,23657.962525110695,39,Single,0
64,39690.51444265005,Female,Bachelor,694.635407643685,23206.690724861146,31,Married,0
60,48237.88180372833,Female,Master,626.319797151817,24169.25610876536,25,Married,0
69,56992.49639051046,Female,High School,665.1828236763139,20140.849365949984,76,Divorced,1
58,44446.36338943485,Female,Bachelor,701.6978493406392,29891.86349939831,46,Widowed,0
31,43192.939384219986,Male,PhD,745.4671312778554,19563.359064711924,18,Married,0
48,56048.9681024487,Female,Bachelor,733.1936562218865,17230.17629604711,70,Single,1
42,36229.92845271432,Male,Bachelor,695.0411382104514,4967.506424963368,56,Single,0
20,53787.449406153086,Female,High School,574.7044324214306,19764.17066173379,63,Widowed,1
21,62304.82695892133,Female,Master,615.5475785291014,24159.388925298394,91,Single,1
48,70399.22812519227,Female,PhD,622.5956406263732,20034.30599269749,26,Married,0
52,48644.2698908458,Female,Bachelor,732.657491628266,25621.108672233804,14,Divorced,0
61,70513.9585971007,Female,Master,615.0341029513954,31474.405831276956,21,Divorced,0
31,65516.148297222775,Female,High School,669.3083188549184,19133.248958114003,5,Married,0
66,35056.81039443401,Female,PhD,655.0433531628656,26156.267797966542,80,Married,0
58,31730.922326102736,Male,PhD,603.2436395281228,12070.737124099878,36,Divorced,0
26,45425.545432183695,Male,Master,669.0912004809692,25156.59552178313,59,Widowed,1
37,65434.03238892281,Male,Master,669.9148043098746,20317.452401933846,62,Widowed,1
49,48915.69488659993,Female,Master,587.2112559129249,18893.04750826468,41,Single,0
26,40990.136635133174,Female,High School,711.1438723526704,19183.00539996755,3,Single,0
44,73283.64770072841,Female,High School,545.6744985572407,19218.482658306784,72,Single,1
20,54303.5673200502,Female,PhD,620.4621423545019,18455.98545327375,75,Widowed,1
21,15191.085863138876,Female,PhD,698.5985146932787,20993.364850748323,92,Single,0
62,54757.40939439033,Female,Bachelor,590.337108326298,19128.53932966799,14,Widowed,0
32,57800.60921856301,Male,Bachelor,667.5132959781015,14221.037605183987,13,Widowed,0
50,53384.129817066554,Female,Bachelor,585.1819805862285,22085.26944496062,100,Married,1
22,56745.681503479886,Male,Master,645.3487927777888,16960.66025805266,76,Single,1
21,48990.865866155276,Male,Master,534.3113443413899,25239.93307396065,65,Divorced,1
63,30224.061955328987,Male,Master,607.8714149143495,19830.865167138098,37,Widowed,0
29,44439.4399516932,Female,High School,572.8539276422855,20635.11976660595,31,Divorced,0
40,35815.763066655636,Female,Bachelor,629.911812893675,9753.840433776668,7,Divorced,0
31,36008.886338084325,Female,PhD,629.2384302089172,13716.599359159389,96,Divorced,0
63,31053.974763465863,Male,High School,616.316791434543,24698.07196753725,2,Single,0
29,56787.3363895947,Male,Master,689.8956598283373,16330.916369869108,18,Divorced,0
34,51468.442181189406,Female,PhD,605.6560198064282,17337.811705005253,42,Single,0
42,43277.519559789376,Female,Bachelor,681.7193336594526,18610.300163658605,99,Single,1
47,40259.931084044176,Male,High School,731.463788497943,26818.71296413671,2,Married,0
39,49648.65342467822,Male,PhD,656.9532075152341,21870.68998900792,39,Divorced,0
64,66187.92092168734,Male,PhD,607.11648977123,26551.323016916645,81,Single,1
43,19936.764267516275,Male,Bachelor,587.5330742569229,18661.261012344043,13,Single,0
34,55653.14781276339,Male,Bachelor,614.510744994025,21065.881318831955,65,Divorced,1
37,41814.320389733264,Male,Bachelor,685.2321360374946,13983.78272312012,53,Divorced,1
51,21731.212325308283,Female,Master,657.7795367484449,25890.15617571686,87,Widowed,0
58,20814.45375254062,Male,Master,696.8397608126994,20543.241018474273,33,Divorced,0
50,36308.247587970625,Male,Bachelor,688.5165439663606,20220.645493981378,81,Widowed,0
54,53292.64333689568,Female,PhD,657.0405325939118,21691.577696128297,28,Divorced,0
24,55895.94400970137,Male,Master,673.6744130833231,27233.960369601613,35,Married,0
39,35915.276409833226,Female,PhD,742.762310471024,18927.52446755705,25,Widowed,0
49,65255.314871198665,Male,High School,720.782811308734,28315.19478877453,99,Single,1
31,71344.75244774159,Female,High School,634.8626991547874,15742.387077981044,3,Single,0
25,55941.298774348405,Male,High School,699.4839720967946,22110.92303984546,31,Divorced,0
42,41128.95998287834,Male,Master,679.2925402908968,30046.09280587438,31,Widowed,0
33,66866.28776765552,Male,Bachelor,706.8194038769869,17550.926343706993,70,Single,1
59,61330.93543495007,Male,High School,683.5808286017955,21226.279267217098,64,Single,1
36,63011.11117032377,Female,High School,601.2916282478504,24387.52531418217,89,Married,1
58,40153.044875427026,Female,PhD,569.015771731365,19310.501505506465,7,Married,0
33,7481.682420879465,Female,Master,678.6313508602543,12498.233619178352,78,Widowed,0
29,81751.86532225514,Female,Master,745.1309099184916,14720.20320465522,18,Single,0
56,25836.823948250993,Female,PhD,611.2167946030015,22904.662944269174,38,Married,0
65,49463.478922096685,Female,Master,640.5955130975175,24457.576599946224,83,Divorced,1
47,85711.18026829626,Male,PhD,598.2126136902393,23922.77667160498,20,Widowed,0
19,54958.651344115606,Male,Bachelor,708.891475235283,25732.160069339225,67,Married,1
49,64238.69710337353,Male,PhD,534.7416572478239,20359.925974680107,57,Married,1
62,27464.05145927431,Male,Bachelor,536.8169849482096,21041.165853555034,24,Divorced,0
42,23334.995678994404,Male,Master,668.7509959910077,12405.656704212352,18,Widowed,0
42,42009.458120306685,Female,High School,645.8828176604324,21586.644768511684,97,Divorced,1
21,66361.2460165175,Male,Master,626.0188492463096,23063.40392695549,61,Widowed,1
36,44806.25828529035,Male,High School,634.9452606738294,17083.94352592007,34,Married,0
65,38080.455183927515,Male,Master,676.849395722818,23220.008494474558,52,Widowed,0
21,52969.509349174514,Female,PhD,629.3098005475167,10920.55577741088,19,Widowed,0
60,66229.02827715898,Female,PhD,595.1537514133444,23755.497988972686,43,Married,0
30,28325.897013899426,Female,Bachelor,603.6318535963517,21501.421618104006,98,Widowed,0
56,31841.855088149725,Female,PhD,694.4169430998421,30553.0426679401,73,Married,0
53,38169.961182359504,Male,High School,623.7629022518889,27065.427684326332,42,Married,0
40,66419.57562068137,Female,PhD,580.73612081164,27534.901792792647,77,Widowed,1
23,53522.32288923098,Male,Bachelor,655.1089163471985,24086.985481840828,2,Widowed,0
41,81982.30115855666,Female,High School,675.2497360890005,23233.07806957629,94,Divorced,1
61,64046.68588746674,Female,High School,716.4480373776612,14091.843425435358,58,Single,1
50,49473.57234695494,Male,Master,660.8951693560834,18324.543498241066,77,Widowed,1
29,68976.16757133149,Female,High School,617.0144376395165,29133.642353304327,65,Single,1
58,53172.45519097817,Male,PhD,673.7003933638515,12719.177756384552,61,Divorced,1
38,39426.17971238832,Male,Master,686.3587435010219,17748.59082593435,34,Married,0
28,60199.622663676535,Female,Bachelor,648.0547346668096,12903.829595926649,91,Married,1
61,39555.10019208376,Male,Master,647.7700303637213,27254.759070160635,44,Widowed,0
55,45644.043487942,Male,Bachelor,663.0066452469384,17171.093357271948,40,Single,0
46,69916.74043936975,Male,Bachelor,646.5071750871908,27722.67182965646,57,Widowed,1
65,48480.77770673901,Female,Master,662.5056953441563,17931.187531403506,95,Single,1
58,37952.87918987557,Female,High School,598.9043337786536,17479.33959918131,24,Married,0
20,43034.93462846763,Female,PhD,592.4781115090746,26392.645944923326,23,Divorced,0
45,65326.858783830095,Female,Bachelor,608.1944310249615,24694.15863196888,77,Widowed,1
37,41711.88989874906,Female,High School,682.1105471664713,6418.598453912127,67,Divorced,1
43,44196.9372972403,Male,Bachelor,662.9398783670305,22255.703949286,90,Divorced,1
41,42345.608905495574,Male,PhD,702.0119482124779,23000.834391261462,59,Married,1
69,52758.88241510465,Male,Bachelor,640.6654538942695,21049.034654504554,17,Married,0
64,44217.653594365875,Male,Bachelor,592.8179302079075,16711.709980876123,98,Married,1
38,25972.459265411944,Male,Master,707.2276767642279,20142.042223197946,85,Married,0
47,36692.2858723244,Male,Master,649.0616472230054,18009.69259517168,52,Single,0
21,36008.16437740343,Female,Bachelor,714.1727518133263,21056.615138049878,60,Divorced,0
53,68649.79076682733,Female,PhD,679.897324569609,18988.02868569467,79,Widowed,1
57,62190.11063163563,Male,Master,759.4309339411418,16890.359208805272,6,Single,0
27,58808.89069099739,Female,Master,639.0113507143319,20818.852231523073,96,Widowed,1
27,42419.62524103385,Female,Bachelor,695.036195254459,24012.194550921966,48,Married,0
59,37763.12687009043,Male,Bachelor,694.5682053176472,21445.029461976832,17,Widowed,0
41,42387.23597513964,Female,PhD,622.2436827252775,17231.788050343843,1,Single,0
21,34221.79846172489,Female,Master,641.375884144652,21681.270101852053,48,Single,0
64,87458.0058738051,Female,Master,576.9130828891639,25348.96195929483,23,Widowed,0
44,16320.17527442897,Female,Bachelor,572.5601931498667,27977.02084288095,83,Widowed,0
68,58460.12802610714,Male,Master,656.3284400765388,26037.762920797184,100,Single,1
62,30731.71553011209,Male,Bachelor,689.6503535348713,22686.90096679516,29,Divorced,0
21,48434.84762757961,Male,High School,681.9012016747728,14954.379843930568,76,Married,1
49,35179.97086259398,Female,Bachelor,667.0012299129826,13172.236365395642,39,Married,0
27,32335.565562760537,Female,Bachelor,693.1508576575545,18988.093931404637,74,Divorced,0
28,32897.05548597558,Male,Bachelor,620.5151102150338,12954.076092219184,2,Divorced,0
45,76324.79230613088,Male,High School,636.3733625756121,16076.07635469686,16,Divorced,0
63,48005.173665356124,Male,Bachelor,686.876075670694,19149.38847624417,100,Widowed,1
25,38514.467082828705,Male,Bachelor,671.6559364724467,17578.947891305485,21,Divorced,0
57,58336.8044612431,Female,Bachelor,639.4905593101619,18360.40971844791,91,Married,1
39,50155.23971849449,Male,High School,716.0397193063957,13359.976863509452,45,Divorced,0
51,60800.506390124785,Female,High School,585.3999374476437,21157.333798966054,13,Married,0
62,22636.15016093255,Male,PhD,624.0660656355703,24982.540255334538,43,Divorced,0
52,54554.05856693002,Male,Master,635.8301112771874,17259.312661054155,80,Married,1
52,61590.42255653573,Female,High School,690.8267439886885,23628.776720956066,53,Single,1
42,25076.025633281544,Female,Bachelor,650.1192598957617,33313.63356859039,70,Single,0
51,56722.92926634969,Male,Bachelor,586.9254126604692,19540.944849327738,86,Widowed,1
23,75442.72359242241,Male,PhD,675.7002089908032,23256.050039747643,29,Divorced,0
58,49777.13444967946,Female,Master,704.3773157733448,20983.850450436777,39,Divorced,0
54,62321.08905537217,Female,PhD,686.9652266566513,24848.118646120234,8,Married,0
18,60058.556754663645,Male,Master,680.9577460802744,11406.750616939526,20,Married,0
29,39387.41453734135,Female,Bachelor,556.2843251629466,14715.216160273925,7,Single,0
52,50596.501018797426,Male,PhD,605.0056761628258,20717.3196403569,77,Married,1
23,26495.079337075967,Female,Master,674.1040304336101,24434.812830792325,10,Divorced,0
34,43230.454443462106,Male,High School,647.2555907622806,20652.6201293247,27,Married,0
26,53985.31962449354,Male,PhD,676.1278800999406,11677.133745161782,21,Single,0
19,60846.50740606697,Female,Bachelor,586.6828661518523,15881.933617708024,37,Widowed,0
35,50369.18187871867,Male,PhD,646.9252617857557,16026.469412013916,32,Widowed,0
66,60799.75595214748,Female,Bachelor,580.5109490551897,21944.95972501524,42,Single,0
53,33456.40680566945,Male,High School,552.3160718690297,16189.805200797864,85,Single,0
45,48474.54088167693,Male,Bachelor,664.7889544253444,16595.964475996145,17,Married,0
58,50289.19076769616,Male,Bachelor,692.129439822849,25423.737883188525,33,Widowed,0
54,77743.86870019455,Male,High School,662.2808213950888,26676.58138399295,92,Widowed,1
66,46787.500156998736,Male,Master,648.3501759867667,17933.625973319806,77,Single,1
43,42514.75043008725,Male,Bachelor,571.8992829085366,22124.513361749363,32,Divorced,0
21,50320.26835765323,Male,High School,700.3053533548774,10592.581007343293,48,Divorced,0
57,36213.29832695084,Male,High School,647.797755131203,20991.63529677671,37,Single,0
53,52891.30773597824,Male,Master,747.9781002602884,25949.890248979136,24,Married,0
68,44524.171751806134,Male,PhD,697.1157154138483,22633.908526286745,19,Divorced,0
48,23130.086779382244,Female,PhD,549.7437286673926,20505.30422178736,27,Single,0
47,49121.201732992085,Female,PhD,687.7524840127944,18056.785132636818,52,Married,1
67,45236.85359104701,Male,Master,580.1732381213421,16766.03992204299,49,Single,0
51,25513.65046898025,Male,Bachelor,612.0252254785468,19104.587974030987,78,Widowed,0
36,48992.98768078217,Female,High School,637.4621661619925,12242.794308818446,31,Single,0
35,72340.3394311172,Male,Bachelor,645.2968774818698,28052.29489149122,80,Married,1
47,57819.556224135704,Male,PhD,669.8782607808733,22821.053201974086,67,Married,1
38,59178.90789096737,Male,PhD,598.8572479597893,19487.81482893358,76,Married,1
20,29877.549116254362,Male,High School,592.4653997871677,16900.976125863304,5,Married,0
23,57153.475533833334,Male,High School,680.0302600866538,19648.301899211285,72,Divorced,1
55,52226.74372070117,Male,Bachelor,649.3374866032987,23988.974711314215,82,Widowed,1
30,57935.67857501647,Female,Bachelor,658.7186524350763,25057.239456094732,84,Widowed,1
62,56339.42932563239,Female,PhD,540.315832415267,15481.545349671287,65,Single,1
20,29603.289117442793,Female,High School,641.1431308342338,15132.356199131724,29,Married,0
65,49378.98782663049,Male,High School,605.4635408469252,30391.149814041375,56,Married,1
45,38631.93709362251,Male,PhD,603.9686813491566,25682.96428857843,63,Single,0
39,49248.73858572767,Male,PhD,696.0967402112288,23542.59970414003,59,Single,1
57,36538.986096472545,Male,PhD,595.2164385513744,19306.76878141315,80,Married,0
57,69687.05550711494,Male,PhD,595.3551696836985,24620.101691313914,99,Widowed,1
29,37115.414173334866,Male,Bachelor,633.4494698299127,13633.834120844418,71,Divorced,0
40,36515.86765301696,Female,Master,672.5144415323672,27658.842107675202,46,Widowed,0
48,51118.7960981533,Female,PhD,605.7992635125956,19821.1388763142,36,Married,0
35,33843.51395894008,Female,High School,711.7072017890031,23954.307510793762,54,Widowed,0
24,43630.05046350702,Male,Master,722.492376268061,23231.08887447588,9,Divorced,0
25,37550.53103693057,Female,PhD,605.9276466765768,19342.14544369036,78,Divorced,0
36,71167.58095834417,Female,Bachelor,637.7459122211573,19123.16822451266,16,Married,0
46,61787.05740246759,Female,PhD,611.0662263671194,26107.915706379914,80,Widowed,1
61,49137.95722301908,Female,PhD,565.7308947564386,25132.487022912945,92,Married,1
37,44131.74421738976,Female,PhD,665.1505525228079,11138.844400097889,20,Widowed,0
67,64113.764218626704,Female,Master,686.6797434114685,11537.971314717712,65,Divorced,1
59,56078.06120484332,Male,Master,750.593213156328,15268.896898219207,75,Widowed,1
47,57470.78607024285,Male,PhD,605.1295248184332,15532.273008501488,11,Married,0
64,49607.116439836245,Male,High School,716.811754540631,14407.370637063845,54,Single,1
39,24676.549583428518,Female,High School,717.1176845628977,21360.55321631144,97,Married,0
27,48313.01026160671,Male,PhD,659.8926654783577,17681.477764330135,5,Married,0
43,42012.65121186398,Female,Master,680.1081744788032,26030.62310881085,68,Married,1
68,59675.829101898154,Female,High School,693.6636524150351,27264.388827585284,41,Married,0
50,65177.63649491283,Male,Master,748.7049974120949,19856.583812512035,10,Single,0
45,40130.73432858247,Male,Master,673.8904281308235,28417.289743364465,56,Divorced,1
27,57025.778514155776,Female,PhD,646.9931057248158,20121.071550703615,1,Single,0
46,76038.18496528569,Female,PhD,606.6915600496263,17826.046766250493,36,Single,0
61,39984.309191441615,Female,PhD,665.266037750625,20323.92869646957,29,Married,0
35,75228.82610109706,Male,PhD,701.2082466386536,24724.300009965333,95,Married,1
59,37211.212292440294,Female,Bachelor,662.2305180664736,11927.695136500512,58,Widowed,0
18,50344.39633411927,Female,Master,611.0038375537498,18957.00338887772,82,Married,1
40,49832.81582237238,Female,Bachelor,654.4538101248281,21487.028301584356,70,Single,1
34,50172.48349805093,Female,High School,643.5423258769943,21815.42332619271,98,Married,1
60,37434.82937138082,Female,Master,663.2369378877854,18157.818283385444,46,Married,0
54,41132.253443533555,Female,Bachelor,566.9075816390875,22443.928713217356,6,Single,0
48,39984.19570460901,Male,Bachelor,677.5394307051366,21460.608089754314,25,Widowed,0
42,54904.43893106686,Female,PhD,679.7711578381861,17040.459432638032,86,Divorced,1
21,54950.52671765468,Female,PhD,672.2426719093254,30907.99314469387,14,Single,0
69,83389.16497607388,Male,Bachelor,649.8118591427487,22197.751030156538,24,Married,0
26,70564.83509436682,Male,Master,559.7031868698289,18344.08324913085,35,Widowed,0
45,42352.35136792281,Male,High School,649.0338604014369,17141.4048326078,94,Divorced,1
47,54873.04423694279,Female,Master,703.0357499671085,25147.04459115458,76,Married,1
64,64956.76971187639,Male,PhD,606.993556185377,20510.298955320337,76,Single,1
41,50459.02736507777,Male,High School,550.5365266919358,32740.56348907595,86,Divorced,1
50,48955.37632329597,Male,Bachelor,572.9721014064653,17820.379385239557,92,Married,1
37,50773.62414154834,Female,Master,665.7012845910301,13786.965307738552,59,Single,1
26,63009.14943212642,Female,Bachelor,668.6438004426219,19861.507705831988,46,Married,0
25,37275.19215792151,Female,High School,694.3146597310734,20875.337294187215,67,Married,0
41,45114.95796769739,Female,Bachelor,647.2370502135174,9407.74682679852,42,Single,0
31,57056.49717269723,Male,Bachelor,574.9835812010715,18454.1574280926,8,Divorced,0
35,54671.706073312336,Male,High School,609.0747929703163,18157.92279306202,16,Divorced,0
18,53593.74139784587,Male,High School,690.9419686299674,18156.18231897225,1,Widowed,0
29,44452.98250544295,Female,Bachelor,657.0247953719738,16848.871261846976,95,Divorced,1
46,64588.036837138054,Male,High School,682.491481733999,13284.0372845578,48,Single,0
54,82008.02370806807,Female,Master,671.739440273052,23790.19025710879,43,Single,0
43,56096.23240514309,Male,Master,639.7519724134852,17080.795780051623,77,Single,1
50,47102.3494767524,Female,High School,641.2996581245983,14881.492737995728,81,Widowed,1
60,61336.10433341814,Female,PhD,742.855113487793,16200.328660910462,30,Married,0
32,41913.01044870515,Female,Master,670.733713330461,17638.383801265227,88,Widowed,1
40,38754.64482945655,Male,Bachelor,643.570622484182,20543.235623565135,72,Single,0
46,50492.13121420568,Male,High School,672.7709995468405,23341.69493180244,69,Divorced,1
38,11258.050505450832,Female,PhD,661.1452909812136,15234.102509924645,32,Married,0
36,32690.74454521986,Female,Master,542.132181325277,17603.513012227835,33,Married,0
22,44780.572161187316,Male,High School,682.5042257186158,13272.461359900128,4,Widowed,0
40,29699.167127784298,Male,PhD,741.0469637044838,3038.5000328881206,15,Widowed,0
53,34510.35347161806,Female,Master,610.9860065804968,20778.969653657943,67,Divorced,0
37,43448.77493812989,Female,High School,722.7017874419583,27600.017587503717,17,Widowed,0
25,25355.520597040864,Female,PhD,637.1565151334041,22610.41626676412,32,Divorced,0
26,43908.92305610252,Female,Bachelor,664.673569882491,17464.700219285056,24,Divorced,0
31,41970.94753200733,Male,PhD,703.5180008486587,20482.395713026177,90,Married,1
23,50381.07812577524,Female,PhD,613.9999284354595,14125.899495024694,28,Divorced,0
18,67312.76045741029,Female,Bachelor,712.1246956409236,19388.538209837097,94,Divorced,1
26,52587.56624739299,Female,PhD,589.289135932033,17861.45373471212,24,Single,0
33,50315.93032013095,Male,High School,606.2422625543041,15736.428839663084,77,Married,1
33,51491.816855460675,Male,Master,620.3239841326238,22028.261149023267,41,Married,0
29,53410.89162681693,Female,Master,683.1002683225951,32999.335821895285,51,Divorced,1
22,34748.920270853465,Female,High School,632.9562794715265,28327.247532173573,13,Divorced,0
57,48278.37012843803,Female,Master,574.0012770207067,19639.63489338952,58,Single,1
46,54631.268627549194,Male,Master,639.1733564075085,24420.57327357931,36,Widowed,0
63,29438.60026185409,Male,High School,610.7889308732808,24313.53717034813,65,Married,0
44,62984.7938422378,Female,PhD,686.5646810420184,16762.309871570906,95,Married,1
28,66220.64051687285,Male,Master,632.8382472772448,23219.520367503075,18,Single,0
64,40529.36017325917,Female,Bachelor,653.5387037950326,12795.039507469242,56,Divorced,1
67,46379.93312820343,Male,Master,629.7263771429664,15973.508040742088,29,Married,0
45,36827.1448578489,Female,PhD,671.6969484115144,21193.764352030656,49,Single,0
69,60490.70725381726,Female,High School,640.8204618264723,17926.06168821437,74,Divorced,1
53,34081.66568831136,Female,High School,666.2599357343532,28782.393215151107,3,Married,0
59,46662.844846356194,Male,High School,520.3305717629145,23240.202172776728,36,Single,0
36,37116.20138288492,Female,Bachelor,654.8625438488893,18089.80939417014,11,Widowed,0
52,50764.31415516934,Female,Master,670.6956835055116,17647.10143443259,29,Widowed,0
69,23086.560927654184,Female,High School,640.0359972542705,20934.853041066417,42,Single,0
48,69896.9246354854,Male,PhD,683.4696235696271,14722.343556789087,3,Divorced,0
61,35530.90363690604,Female,High School,686.9303514496411,22978.059766472743,73,Widowed,0
36,50898.42024674414,Male,High School,715.2106945924752,13123.490250272622,81,Married,1
63,46812.154328445366,Female,Master,655.2405804036141,23115.0509798037,27,Single,0
41,38568.28232116253,Female,Master,554.3099647665009,19177.026340097935,83,Divorced,0
19,36683.29795046097,Male,Master,535.7250275605178,22073.067590456325,21,Single,0
24,64045.978153286895,Male,PhD,569.9079523962741,14937.07037331018,60,Divorced,1
60,42115.3911034709,Female,Master,648.1046469407931,21224.926035440585,78,Single,1
66,54067.55276955966,Female,Master,642.1347355859717,32061.73870756327,14,Married,0
48,37977.54671908438,Female,Master,663.8119926009987,17713.916237696678,15,Married,0
34,40292.27852228359,Male,High School,618.7377038721413,21586.999301645123,97,Divorced,1
44,57083.70725131773,Male,PhD,613.1754414247126,27527.834748786543,54,Single,1
53,63956.127441666744,Male,Bachelor,677.7523971205217,23808.52072430067,12,Widowed,0
67,47370.2539650947,Female,PhD,682.7962205686251,22159.427420723154,49,Divorced,0
60,28671.201925393445,Male,High School,637.1674932259759,14931.553637394043,59,Divorced,0
27,79969.34119625008,Male,Bachelor,648.0761670880523,13612.058138516748,9,Divorced,0
62,37151.760376486855,Female,PhD,670.2157171664495,20267.162203412296,41,Single,0
31,26876.189004923188,Female,High School,675.2171787581498,17683.82072343399,49,Widowed,0
24,88916.36881652228,Male,High School,592.800965020063,19904.708931123543,35,Divorced,0
56,43939.51559223594,Female,Bachelor,614.0213072041024,21028.283370097586,38,Widowed,0
57,28074.009676078877,Male,High School,588.4726977177306,16617.860805785574,100,Widowed,0
26,39748.40349816977,Female,Bachelor,624.6546692581585,22470.515130069598,41,Single,0
31,55513.17344033404,Male,PhD,690.6166794670916,29292.780942955513,11,Divorced,0
25,52854.673363909096,Male,Bachelor,677.3135933471883,14953.295063097781,48,Divorced,0
34,37224.06204119615,Male,Bachelor,595.0951019818721,17652.268207395446,24,Widowed,0
40,77340.85400191939,Male,High School,675.6133363412991,19751.94670660001,57,Married,1
33,42176.304830099405,Female,Master,654.2921552671226,25702.298369702956,39,Married,0
43,32229.70114382672,Female,High School,625.303664645704,14068.08999659149,5,Divorced,0
26,64410.40097690989,Female,High School,579.6770172448184,14674.259478079592,53,Married,1
53,69935.94269809524,Female,PhD,641.2588314191116,9181.694935918189,63,Divorced,1
24,37737.6035357566,Female,Bachelor,683.9972003057977,17798.188933930753,48,Widowed,0
35,28979.790604410344,Male,PhD,541.8451175801937,23400.728830109165,27,Widowed,0
25,65456.57401123407,Male,PhD,630.1938401124276,25326.123544890703,72,Married,1
38,19290.145804130574,Female,Bachelor,762.7141849402481,21785.76830653866,91,Divorced,0
43,31600.675109050768,Male,PhD,683.6318359284047,16995.215103087714,26,Married,0
20,64511.69225075353,Female,Master,662.9916247501739,23532.35806851187,42,Single,0
34,49169.711779664154,Female,Bachelor,613.1407415214543,21021.592953080577,21,Divorced,0
68,46040.93977110968,Female,PhD,616.0835081063016,10396.47200535035,32,Widowed,0
63,55292.249097415675,Male,Master,645.8355802150019,13859.525836922305,55,Divorced,1
41,47708.38364681887,Female,High School,730.1431814688568,27559.326525981483,3,Single,0
42,30519.69916755365,Female,Bachelor,673.2794595447465,21611.02541487636,63,Widowed,0
22,69141.13019009281,Female,High School,606.3920801114589,13126.028057457102,56,Single,1
54,69875.21079330223,Female,PhD,708.8393481191932,24099.765540308923,5,Widowed,0
62,53079.988456669395,Female,Master,635.3702896420955,25307.174798813194,95,Single,1
67,50677.010231480155,Female,Master,734.8673240506974,17824.82985270154,29,Single,0
41,85094.37209030087,Male,Master,621.6698487681148,23288.41048193393,14,Single,0
48,45853.50732476244,Female,High School,599.8367121548056,1299.4968102411053,26,Married,0
43,46106.34527248941,Female,Master,658.7314788906785,24867.88397594079,94,Married,1
38,55467.21873860758,Male,Master,699.116349190015,25875.776959599374,83,Married,1
51,72069.82934213507,Female,High School,701.8722398365455,14376.486426181335,23,Widowed,0
55,73891.56131626226,Female,High School,657.9595883334406,21410.426997576524,5,Married,0
41,46121.410524848434,Male,Master,600.5951656015694,18309.397284762807,51,Married,1
45,54624.96868939018,Female,PhD,624.7329639051057,19487.35259614586,97,Widowed,1
47,29328.747994038844,Female,PhD,549.0859065822892,17875.59777732466,40,Single,0
51,45320.3583812568,Female,Bachelor,604.343923121559,13338.522665725895,18,Divorced,0
69,37395.644067810405,Female,Master,641.0771592551368,29452.01851540828,67,Married,0
69,34897.52371551524,Female,Bachelor,669.4501070326739,18448.44575210392,93,Divorced,0
40,75223.65074400991,Male,High School,633.027283926761,20523.775221311153,57,Single,1
25,38115.70007290783,Male,High School,647.151047251113,14952.997098742842,28,Divorced,0
59,42025.911379828176,Male,High School,630.1907277625091,14815.664194378267,79,Single,1
67,55487.73181875287,Female,High School,687.5512652094885,22062.9920753775,85,Divorced,1
27,69467.37900460378,Female,PhD,605.0443530786731,22631.960400755564,33,Widowed,0
18,57216.72689583253,Female,High School,691.8773957073163,24389.620846623722,25,Widowed,0
37,91390.32671032373,Male,High School,748.0440406256955,25518.87001246844,76,Divorced,1
54,48879.980326232755,Female,PhD,673.6394828010965,18948.96229749619,79,Widowed,1
35,53880.74660344618,Male,High School,623.6454194887979,17778.984680035257,15,Single,0
38,54134.01010976084,Female,Bachelor,623.1864927956608,23734.06916424467,37,Single,0
66,71525.74080183732,Female,Master,710.4918611092048,16812.803982847825,9,Married,0
21,57608.584266644226,Female,Master,593.6705287064001,24358.792479489148,46,Single,0
60,48256.554494192766,Female,High School,602.3097789863718,21872.501436211445,90,Married,1
19,35787.67107639681,Male,High School,591.7775773064768,25775.13217291749,50,Married,0
38,53666.65183942449,Female,High School,586.0743079739657,23351.958444239153,88,Single,1
54,71020.1724693794,Female,PhD,597.7591840310072,14727.770880544198,41,Widowed,0
22,43844.27309513194,Female,Master,689.4952470892747,15671.831792069868,10,Divorced,0
34,57934.15427624873,Female,Bachelor,705.1141282294012,23662.42648503694,52,Widowed,1
66,53692.216830272664,Female,PhD,615.1463463819908,29535.279212088866,46,Married,0
65,62952.79487571972,Female,PhD,660.3667023022845,13385.941496084908,90,Married,1
28,37928.69389043196,Female,PhD,687.9578337554117,20116.058021626366,63,Married,0
63,85199.70545789842,Male,Bachelor,655.0282101548581,21408.372787402455,11,Single,0
58,30812.583394576126,Male,Bachelor,602.2528621191381,12371.112440672268,80,Single,0
48,44516.73365020944,Male,Master,576.4799132430959,22390.624981815065,40,Divorced,0
45,64071.38811358468,Male,Bachelor,700.5213776562755,19534.38603976281,39,Widowed,0
61,54450.9975874117,Male,High School,674.808970614419,9517.21259392176,5,Widowed,0
49,62449.79238621655,Female,High School,678.8477946699327,28108.639891247974,34,Married,0
38,42558.464990261564,Male,Master,594.6176549549485,15683.958904644636,75,Divorced,1
24,48877.92525979489,Female,Bachelor,661.7488596444526,13587.48292852479,54,Single,1
27,50183.47975458226,Female,Master,681.4499793728411,22100.70811105847,35,Married,0
45,73538.89421803856,Male,Master,665.7016921823573,22787.433979524485,67,Widowed,1
65,60356.43536574574,Male,Bachelor,612.7488391596155,23682.05701848136,48,Single,0
53,61950.08162547008,Male,PhD,700.6130255032668,18069.98318895344,62,Widowed,1
37,40131.10861194807,Female,Bachelor,573.6184025910613,19945.428310545452,69,Married,1
30,64533.23957844576,Female,High School,696.437096240347,16345.966184130673,35,Single,0
36,53383.72495353205,Male,Bachelor,704.0527972043536,13449.01347183896,35,Single,0
67,70837.17973516892,Female,PhD,728.6165158767612,25395.65324527118,19,Divorced,0
28,80210.90232377702,Female,Bachelor,632.8753904874778,19486.186574911033,6,Divorced,0
52,45398.51335959493,Female,High School,600.028499171924,19088.42872288522,28,Single,0
51,43905.453043324065,Female,High School,689.694018115419,10003.66204002334,20,Married,0
61,37039.32513346446,Male,PhD,615.0392360456513,19108.14447859832,81,Divorced,0
21,47846.30732425519,Male,PhD,652.1997755721994,15787.527514542755,100,Married,1
30,44269.61826574425,Male,High School,634.1268891419965,19126.93173425092,42,Single,0
54,55392.56599356515,Female,High School,604.8964014293458,18903.779240715634,39,Widowed,0
19,47831.49774599396,Female,Bachelor,666.0499733092446,17767.676043335185,93,Divorced,1
67,44576.0107882757,Female,Master,580.3992041720982,24694.193214555697,12,Widowed,0
18,65968.77704191778,Female,Master,679.6102840822019,22235.270761620784,58,Single,1
57,35931.79653272822,Female,PhD,601.6534455771633,25635.77257235773,65,Married,0
42,56496.619297270154,Male,PhD,563.4134326766036,13375.863150201378,19,Divorced,0
54,43910.874092172744,Male,Master,647.4946270604854,16755.220362760923,38,Divorced,0
53,60865.52757304947,Male,High School,671.5816926405612,19798.595908388565,39,Married,0
23,70778.92320083345,Female,PhD,678.8467298526613,17966.80515048283,15,Single,0
24,45453.52619863891,Female,Bachelor,690.9176865413581,19603.71137251631,76,Married,1
21,56615.49360909727,Male,Master,532.3179800154793,14089.483003458385,38,Single,0
52,52681.8929859977,Female,Bachelor,599.7427784521665,16419.109713688795,11,Single,0
58,38008.66400685355,Female,Bachelor,655.3326147251516,11792.230225739935,88,Married,0
51,53611.812646129074,Female,High School,725.9501639968073,15549.872241133806,8,Single,0
46,54336.80757918218,Female,PhD,689.1872246837364,23470.883601960068,88,Divorced,1
22,56193.06230669262,Female,PhD,745.0670025924056,18928.96557617025,89,Divorced,1
44,47024.01654769931,Female,PhD,623.7530288543,27528.766193787542,18,Divorced,0
50,51412.8845046522,Male,High School,663.7208497641004,17022.330628471605,17,Divorced,0
63,32785.835827352974,Male,Bachelor,595.0014596215347,20595.355404361646,29,Widowed,0
69,44628.28886780215,Female,Bachelor,629.7823890188,13933.738349237909,56,Divorced,1
27,58339.44019564697,Male,Bachelor,613.2352140858513,33003.35935208702,22,Divorced,0
23,63387.10830997295,Female,Bachelor,618.3005670341639,19106.897006497715,83,Divorced,1
51,43665.27763812095,Female,PhD,630.3275439407169,24148.149201497075,12,Divorced,0
25,51570.710441499265,Female,PhD,650.1358769945341,22066.925104335765,89,Widowed,1
48,53420.799876861005,Female,Bachelor,651.1106332258242,17080.60592580362,90,Single,1
26,53022.199200566494,Female,Bachelor,677.1726719791362,13345.493592321549,91,Divorced,1
38,58111.60377950585,Female,High School,656.9994233693429,20780.715622694035,16,Divorced,0
25,22728.835544246456,Female,PhD,632.7977185575187,17216.051278183335,38,Single,0
21,49260.13894778641,Female,PhD,623.8710729234027,19222.47849254134,98,Single,1
39,53585.50401870148,Male,Bachelor,634.6434139920658,23256.51029398691,22,Single,0
45,34995.04476569442,Male,PhD,627.5481429276517,20391.205779201897,78,Single,0
62,75109.78560516065,Male,PhD,674.548552759099,21885.581486842977,95,Widowed,1
21,52423.38900857252,Male,Bachelor,693.2762595335631,20750.232880278858,85,Widowed,1
56,73451.07117543394,Female,Master,713.7022268973542,12663.75333674746,95,Single,1
38,38142.15467250384,Male,Master,610.1148620029792,26980.31097850669,28,Single,0
25,36390.4981771201,Male,Master,673.4686112669375,25879.261482173762,99,Married,0
37,53363.78331448523,Male,PhD,580.2660179203663,14319.175728716413,94,Widowed,1
49,24819.67455757015,Male,High School,668.6587359126289,22526.503057135855,3,Married,0
18,53224.48385939141,Female,PhD,704.1336141045532,16689.878649190712,12,Single,0
23,51458.288480043775,Female,Bachelor,642.5205249166503,16265.418314683646,92,Widowed,1
45,65234.979223131515,Male,High School,703.6318023629436,19975.79169332476,35,Widowed,0
61,60515.62011747646,Female,Bachelor,593.0716064842262,28738.341152488494,66,Widowed,1
48,43737.83975172449,Female,High School,605.5677358454182,25289.787807409426,74,Single,1
27,33537.55017844633,Male,High School,643.2095078678157,23026.10679165929,87,Divorced,0
37,75684.57832014945,Female,High School,701.1105177292912,14246.971821229747,24,Divorced,0
25,38118.27469152275,Male,High School,629.1285271829006,32772.24709375689,89,Widowed,0
39,34317.13164395801,Female,Master,627.3223449545612,24368.65522830338,68,Widowed,0
55,33727.159108078326,Male,High School,600.418582081099,8255.812900424442,62,Widowed,0
46,66759.57973304996,Female,High School,660.1440522221311,21997.371676042458,98,Widowed,1
26,42216.49693362722,Male,Bachelor,712.3347570447218,17556.526420409584,89,Single,1
61,38694.43300729099,Male,Bachelor,685.0340054546846,22049.911779744834,28,Divorced,0
64,52065.34738855021,Male,Master,684.8325327168133,22003.20183404763,77,Widowed,1
18,46895.82934164064,Female,High School,639.6512762538168,15407.404617649478,91,Divorced,1
58,39828.568088206295,Male,Bachelor,621.8345320368043,29129.42876153847,32,Single,0
69,61309.87200467719,Female,High School,683.8622958208185,20998.923107097122,39,Divorced,0
56,65979.73238146992,Female,High School,648.404446218293,24706.739532552045,60,Married,1
43,64779.762634098006,Female,PhD,641.3195882140309,26757.117823741017,29,Widowed,0
28,61503.795044917984,Female,High School,694.9120311201808,16309.212010240068,37,Married,0
69,56039.38296695053,Female,Bachelor,640.1106274163635,15441.157575967381,84,Divorced,1
52,23361.680000572567,Female,PhD,608.1111870307398,25609.53674423883,70,Married,0
41,75038.76209565453,Male,PhD,695.4594247665483,26964.187163784285,48,Single,0
50,54529.83815536329,Male,Bachelor,654.0359945216933,13114.907146044314,8,Single,0
37,59122.346414009626,Male,High School,598.1485328075654,30056.215930788312,16,Single,0
44,66724.43484421103,Female,High School,594.3547052564192,18822.483428330735,35,Single,0
32,71500.28754322988,Female,High School,654.7705937913433,23458.922642561924,14,Married,0
50,56275.97016963789,Female,PhD,766.8704830739138,22821.941045523632,89,Widowed,1
69,56533.1923894348,Male,Bachelor,630.3589698226896,15143.288400833364,54,Single,1
24,41011.635838104216,Female,PhD,633.186307045721,15679.759305263868,44,Divorced,0
51,50496.346267081404,Female,PhD,726.1885598808527,9582.038303525374,84,Single,1
62,37187.58108778468,Male,High School,647.1359400104742,14244.249321867195,58,Married,0
68,39200.89201787158,Female,Master,577.5766568376006,12587.62019628688,49,Divorced,0
63,36596.38396528713,Female,High School,571.3601773725914,20200.95257885147,12,Divorced,0
59,47659.64163504069,Male,Master,711.3331986893741,26847.010763610408,99,Divorced,1
22,65736.39781880015,Female,Bachelor,683.3177271125095,19864.275346667626,89,Married,1
47,97564.6215993527,Male,PhD,691.3062854215597,21694.270810913684,22,Widowed,0
45,52842.4945632187,Female,High School,647.1121720810644,23890.017716839644,87,Divorced,1
35,29773.8036836582,Female,Bachelor,613.6643987008601,23398.5472051015,57,Widowed,0
53,68974.74994784384,Male,Master,639.1418442137916,18070.842499442493,98,Single,1
20,45488.241852859595,Female,PhD,656.8015608687189,12683.274695832499,40,Single,0
38,40090.87109034512,Male,PhD,608.084442215065,17850.972449796747,44,Widowed,0
63,53147.74216884583,Female,Bachelor,678.0724954775563,20314.796776319523,97,Married,1
33,31390.631006656586,Female,Bachelor,587.0201915600139,15641.773936145952,19,Widowed,0
54,53336.9474601291,Male,Bachelor,633.3620617712388,21809.803553505244,17,Married,0
59,48674.36715201267,Female,High School,639.7996063761749,18536.43952028929,6,Single,0
22,51475.66860223214,Female,PhD,615.4490093412315,23109.10763755446,32,Single,0
67,55721.24381313756,Male,Bachelor,539.7247322490089,15983.802619075876,21,Divorced,0
68,51012.383858612106,Male,Master,672.3934832055626,15390.161703453083,28,Single,0
31,50245.07126169339,Female,High School,612.2124619779867,28870.281688519684,86,Single,1
48,54264.717784969165,Female,Master,716.2853979662186,20143.78118856843,71,Widowed,1
63,56231.0093925669,Female,PhD,632.9008861157973,22764.81924697768,24,Widowed,0
41,34527.76309527113,Male,PhD,622.9320205784389,14507.888735539236,56,Single,0
52,28550.131119718273,Female,Master,654.5760973389439,18113.67772258937,32,Divorced,0
53,49075.42921741678,Female,High School,702.6719874315224,23410.847414038075,53,Divorced,1
27,28508.96765098838,Male,Bachelor,621.8296168440916,27828.079298230423,9,Married,0
44,51312.972063825066,Male,Bachelor,700.7368847414889,16377.574626002277,57,Divorced,1
44,64081.20313523465,Male,Bachelor,722.0151820508811,15985.412942805166,43,Single,0
40,59106.675078740685,Male,Bachelor,699.5161405327973,19886.655298278263,100,Married,1
30,34277.4438976179,Male,Bachelor,731.3215745496128,12378.02425125569,92,Single,0
33,37096.06322063722,Female,Master,714.6323010506235,19849.333467611865,100,Single,0
52,54924.51942501133,Female,Master,725.7441146946503,19676.35807692303,2,Widowed,0
44,43980.53292299735,Female,High School,730.216315970782,23623.7457516463,39,Single,0
69,45250.1705742184,Male,PhD,660.4034764814982,27073.048713444852,99,Single,1
56,58953.59721871931,Female,Bachelor,628.5388050213901,22849.221589000455,93,Married,1
64,35190.699598135216,Male,PhD,536.8878182378097,23707.755254798445,23,Married,0
34,43981.47935133226,Female,Bachelor,583.8633440239103,20261.394755671507,10,Divorced,0
65,37998.762858730974,Female,Bachelor,627.5858600420602,18201.277117619204,32,Divorced,0
58,34353.05752946967,Male,Master,630.9132456379717,10020.115654216179,90,Widowed,0
18,37143.82716993253,Female,High School,642.3602768298957,15568.895904126917,3,Single,0
28,60161.932540196176,Male,Bachelor,599.9619754875624,21086.33342346665,6,Married,0
29,50777.305842236325,Male,PhD,570.2111194279342,11772.031381050037,96,Widowed,1
31,36812.590567473875,Female,High School,643.4888416766637,21214.44911391635,30,Married,0
25,46533.47588610505,Male,Master,640.5291035594105,17995.826448660246,89,Widowed,1
48,25417.890393167334,Female,Bachelor,609.6222979225067,14892.200737091549,49,Single,0
24,39000.30788624501,Female,Master,612.8923919174807,17649.878416724983,95,Single,0
63,82243.6180230093,Male,Bachelor,602.9921704063796,23643.907606307996,85,Widowed,1
48,48646.34225501374,Female,PhD,630.1738130491841,24427.505548097386,78,Widowed,1
33,60974.883905455885,Female,High School,607.1848586502374,10314.892962753804,57,Divorced,1
59,49017.67437283276,Male,PhD,712.9937665758508,19252.579939256648,99,Single,1
56,55222.53852862713,Female,Bachelor,662.049836602256,24569.423291417534,26,Married,0
61,59948.87134518761,Female,Bachelor,601.3841040986741,18710.525701953215,45,Divorced,0
36,33430.751037102935,Female,Master,635.9776109266273,20544.076354571065,6,Divorced,0
25,49535.956140890616,Male,High School,590.9857196824405,12522.945623698652,97,Widowed,1
46,73682.97791624733,Male,PhD,700.6084147587394,17599.831715908524,5,Married,0
19,38067.491749200635,Female,High School,719.209336229041,29143.877146941126,36,Divorced,0
59,41503.40219401671,Male,Bachelor,712.6000991376516,16059.659827423255,88,Widowed,1
20,45384.630839494974,Female,PhD,592.7653684378702,12796.838284019914,3,Widowed,0
68,54035.3610976437,Male,Master,645.4366490136912,20747.35879279203,83,Divorced,1
46,57873.76795468824,Male,Bachelor,629.9214662243542,23943.14666532869,11,Married,0
32,69011.17482227985,Female,Master,678.1006552957091,25969.05245312628,49,Divorced,0
55,57492.47350202989,Female,PhD,599.6045098358051,17411.386789373646,49,Widowed,0
45,49069.20311302499,Female,PhD,616.2054152999492,21112.377883143596,28,Divorced,0
54,68887.5069441622,Male,Bachelor,629.3391485824096,22721.774391426967,29,Married,0
49,60561.66533212373,Male,Bachelor,657.6644234566212,23246.05263917106,87,Single,1
47,27564.807256144755,Female,Master,684.7064354068943,17263.986279952278,98,Widowed,0
68,87895.52360533997,Male,Bachelor,633.5636153631696,28563.62465447847,10,Married,0
64,76548.820822951,Male,High School,683.198253776311,16563.514887246343,21,Divorced,0
47,47476.78665849389,Female,High School,691.1038178398569,23539.360793465676,28,Divorced,0
68,55668.65152607713,Male,Master,639.3392381564089,19890.443819272372,100,Married,1
51,69865.38124993759,Male,Master,587.7170933567202,17063.907179877395,6,Widowed,0
30,47416.98810954676,Male,Bachelor,591.440483228293,16785.74350518716,92,Married,1
50,60955.27685565529,Male,Bachelor,679.5863487575784,17068.26544539883,55,Married,1
59,66568.67710357215,Male,High School,626.1887781842665,17765.644674733514,75,Married,1
34,34777.611383983385,Male,Master,564.3685338658772,14905.572003220454,38,Married,0
20,40965.022196257065,Female,Master,680.64761840915,23487.04851605885,34,Divorced,0
26,63821.12596715872,Female,High School,656.477726027311,16482.42342189889,24,Married,0
69,56912.21715723246,Male,Master,579.7016459428686,16924.895756497528,100,Single,1
28,63856.948404709205,Male,Bachelor,708.9709990601323,22443.45295604117,50,Widowed,0
66,48011.479780194226,Female,Master,691.8317993578875,19460.19028433176,63,Married,1
44,45664.9218356865,Female,Master,656.937262564509,12890.481823605442,73,Single,1
45,20020.40786624941,Male,Bachelor,586.2840316132791,15319.952507278667,12,Divorced,0
19,32809.99360238835,Female,Bachelor,579.8834733557359,19017.213777895035,78,Married,0
18,50705.991419877406,Female,High School,634.6465756579282,17125.06081316266,14,Married,0
23,62368.35829346355,Male,High School,564.3042305224856,23752.412686265197,22,Single,0
42,57967.67549803543,Female,High School,670.2540136592243,16177.989855045937,96,Married,1
52,48076.37038958447,Female,PhD,579.4588343309832,15164.364644783942,17,Single,0
33,45923.42650263955,Male,PhD,658.245636462735,14947.268956106875,53,Single,1
21,53257.694489574205,Male,Master,635.5934273636636,22033.286234788196,68,Widowed,1
64,51173.16771638228,Male,Bachelor,685.5892634048522,22417.358630428665,46,Married,0
55,71068.18272409568,Male,Master,603.1026202369256,11637.777062145597,89,Married,1
61,52196.61155717375,Male,Bachelor,663.6864724762362,23110.37598259051,38,Widowed,0
37,27781.310567040524,Female,Bachelor,580.2579903582679,24304.866352479734,86,Single,0
42,30911.627974515246,Male,Master,689.7774775884703,11545.011190954754,86,Married,0
24,72781.3900544537,Male,Master,644.2519116861253,16547.842853195198,12,Single,0
38,32432.593078248796,Female,PhD,674.7925334482716,27144.462121789882,43,Divorced,0
24,61467.461795503004,Female,Master,583.9737326585984,25030.508530126248,48,Widowed,0
46,45974.40897185928,Male,Bachelor,674.9542137835883,20123.96329625521,49,Widowed,0
69,47453.625591462725,Male,Bachelor,665.3101698151854,22506.24698144716,14,Single,0
24,47988.0082584737,Male,Master,668.1848946356681,30560.09811810037,33,Divorced,0
20,68320.77439188797,Female,Bachelor,665.6316981506993,22513.98486726311,72,Single,1
46,47107.37257184053,Male,PhD,640.3268058604826,13895.95569290554,76,Divorced,1
46,49500.210757322704,Male,Bachelor,712.0649610157996,26824.69499800413,67,Single,1
56,27037.94753900761,Male,Master,642.2051007117149,15645.305546876909,47,Divorced,0
55,53100.35767562005,Female,Bachelor,613.0415399804585,24969.511179239173,75,Single,1
23,57965.6376046709,Male,High School,647.0636903315531,23281.353304784443,50,Divorced,0
63,53587.183709806806,Male,Master,602.4741027277735,24447.56776502881,88,Married,1
27,70968.44391630102,Male,PhD,626.8001788334578,27704.664877045787,96,Divorced,1
54,50827.570321703475,Male,High School,641.13766919053,12670.42835746024,39,Widowed,0
31,54484.66184178527,Female,High School,631.022293967707,19652.057225306013,33,Widowed,0
39,74727.56015402268,Female,High School,659.9698536402743,29730.247512729395,48,Divorced,0
49,26749.787159627784,Female,PhD,747.2880695653164,24881.908722599735,95,Divorced,0
35,43162.61978300947,Male,High School,678.547491992306,20885.791686706565,65,Widowed,1
53,71392.38128028899,Female,High School,703.6150323644046,14884.134349855249,54,Widowed,1
63,64041.93722466624,Male,PhD,624.8145281315882,20533.602464759788,77,Single,1
69,60175.70148260705,Male,High School,620.6491855747425,15440.59350727994,22,Widowed,0
26,62489.76109196717,Male,Master,631.0910976553505,12658.16521767787,12,Married,0
43,54905.993136815334,Male,Master,692.6444548634439,22882.393515292762,29,Married,0
39,74473.96141298408,Male,Bachelor,542.5940760884552,20326.52802669174,75,Widowed,1
63,55666.387545960766,Male,Master,598.3417612354316,16132.435986196444,24,Single,0
55,53598.006588429176,Male,High School,655.116792341711,21974.740944811238,14,Divorced,0
40,52384.380111884646,Male,Master,638.7953816468536,17480.550561059255,1,Single,0
34,52892.95933325579,Male,PhD,748.3864841071523,28897.795421036906,14,Divorced,0
43,32644.74078776198,Female,PhD,672.3841607871328,19847.13777815021,17,Widowed,0
64,61560.09581695015,Male,PhD,616.890427823476,27885.44106235048,29,Married,0
55,48043.40399325009,Female,High School,571.1196465730326,15935.989495805548,22,Widowed,0
19,77328.72646790609,Female,PhD,632.9719982531069,23066.745827018178,77,Married,1
23,48865.24294117366,Male,High School,584.8389958660792,29218.49988238784,38,Single,0
24,56313.77426263485,Female,Master,673.3375325209217,21355.454911079305,82,Single,1
30,53699.032793920014,Female,PhD,658.0553161120839,25682.238135257576,34,Widowed,0
44,40616.6444733612,Female,High School,666.0015966046366,11308.340659126745,47,Single,0
28,64882.052427777584,Female,High School,753.9588332397518,23535.673721604635,70,Single,1
32,78575.95460840026,Male,High School,604.6267009289851,20151.930657324414,74,Widowed,1
26,49778.34170510233,Male,High School,640.3797896102046,23825.00988692254,88,Divorced,1
25,45492.818216218664,Male,PhD,589.3742127755545,24338.32609006556,85,Single,1
63,44674.56903416939,Male,High School,645.9700741924937,8718.749410947907,92,Divorced,1
23,21614.57160023988,Male,Master,729.6636807975013,17781.9863019695,94,Single,0
65,47332.80284445481,Male,High School,678.4361199560236,16649.883597002692,88,Divorced,1
60,53764.97174012486,Female,Master,644.27564772054,20760.82095002849,29,Widowed,0
21,65821.36887770424,Male,Master,662.5815124409945,10297.333014151416,35,Divorced,0
28,64400.71611724892,Male,Master,589.4572181028205,14547.456662591503,1,Single,0
68,43752.51376344961,Female,PhD,630.3133144152805,25009.603517638338,20,Single,0
45,45847.655078391675,Male,Master,654.2626287285193,20884.462230261845,41,Widowed,0
43,66858.57958421658,Female,Master,654.9710993354271,14559.927292916767,28,Widowed,0
21,47398.04154390682,Female,High School,573.4691877800692,18733.91316472266,44,Married,0
32,42349.55690366575,Female,Master,666.3811589617391,25491.365288629226,99,Single,1
36,70887.77674151408,Male,PhD,663.9598246257106,10802.166070160096,46,Widowed,0
23,65563.7850057595,Male,PhD,631.147439686361,18942.8569322887,79,Single,1
22,50281.87687661387,Male,PhD,650.208749954125,18851.683783545945,27,Divorced,0
35,41093.33828331999,Male,Master,575.8254223316,20934.897072345237,17,Widowed,0
23,19821.795211329365,Female,Bachelor,576.0102192337825,22518.897330839423,27,Divorced,0
48,58845.55408362086,Male,Master,656.7343631169119,29551.712507940214,4,Single,0
42,36554.454161717294,Male,Master,616.6138404541917,22768.905972133056,33,Divorced,0
21,20559.01986288872,Male,Bachelor,649.4222239887849,17062.592663362208,72,Widowed,0
23,73772.30791023526,Female,Master,691.9745336158802,26289.749714729653,36,Widowed,0
58,59719.516865148325,Female,High School,641.3035034847422,15706.65800951036,56,Married,1
54,32914.87710324552,Female,Master,509.46659725854016,22180.93547670847,98,Divorced,0
67,31783.979255611113,Male,Bachelor,642.4673180989554,27857.315256548613,88,Widowed,0
42,63064.42673257429,Female,Master,625.9477989002983,25386.574406838346,49,Divorced,0
51,36830.44075196195,Female,High School,638.265282283854,24055.448383272615,100,Widowed,0
36,69442.24801291825,Male,Master,694.9865406285777,8842.311806391182,68,Married,1
51,59246.88968939233,Female,PhD,571.0734907029442,19494.987413473118,39,Married,0
32,58048.94780850235,Female,High School,662.1978311953992,17063.12466725388,65,Married,1
67,56070.431834214505,Female,PhD,728.5151955955616,26624.3413573936,50,Single,0
25,52871.76308035868,Male,PhD,618.7028442515772,24203.242390690466,56,Divorced,1
61,63207.667987656656,Male,High School,673.6163943092869,21305.530907814787,41,Widowed,0
64,43188.794562265924,Female,PhD,698.3152889485401,23972.208241506087,72,Married,1
66,51289.27960151577,Male,Bachelor,660.5115719551047,16751.917567439832,27,Widowed,0
51,61279.198815157935,Female,Bachelor,615.7451509834286,23171.42255191767,19,Single,0
35,58444.84577879192,Female,High School,614.5239494646,20475.013312374165,13,Married,0
47,32075.197920970095,Male,PhD,687.1900076882991,11583.965964925912,7,Widowed,0
30,42493.85499043604,Male,Master,679.6074545390867,21720.230689974618,98,Married,1
64,53792.05258128732,Female,Bachelor,610.6765792464387,23535.79015316634,9,Widowed,0
50,43879.77936440155,Male,Bachelor,591.1763422819458,25967.07292570317,37,Widowed,0
52,76619.8784146,Male,High School,585.9596642925502,22636.942637825035,90,Married,1
69,44102.70207868831,Female,PhD,733.0825930592385,25033.51961961168,6,Married,0
41,47566.72328634964,Female,Bachelor,646.6027439804751,11338.363339583628,92,Single,1
43,61541.45267265956,Male,Master,768.0114292826707,18132.93918574839,25,Single,0
64,54957.99114852374,Female,PhD,677.7772801535272,19287.448014599155,83,Widowed,1
68,47820.88314192846,Female,Bachelor,671.9761161416899,18351.288176187412,58,Married,1
61,38652.59706678878,Male,PhD,665.3136244152591,19554.7894025175,32,Married,0
59,54522.71086095149,Female,Master,699.9574925098683,17113.01875630616,98,Married,1
64,65586.44660567588,Female,PhD,601.6968407477965,23680.827396225093,52,Divorced,1
18,57186.42836147343,Male,High School,758.0006554185368,15043.972257637584,98,Married,1
30,38327.24717815817,Male,High School,644.9849148694084,20625.87305848142,27,Married,0
27,76051.62435465066,Female,PhD,614.8299953903595,20365.76356586749,96,Widowed,1
36,28301.331649461586,Male,Bachelor,665.1280501144211,20719.686171897683,15,Widowed,0
22,26259.715372958166,Male,Bachelor,704.61694380154,15261.37841137467,13,Divorced,0
25,64408.358366858425,Male,PhD,599.6222562108512,26996.149623426754,36,Widowed,0
21,53387.60717904035,Male,PhD,678.3434686220536,18869.381368227325,25,Divorced,0
66,41757.5218054394,Male,High School,614.1777921206761,12805.72917576608,73,Married,1
30,33521.439086670056,Male,Bachelor,624.6863233412756,24006.505091485138,10,Divorced,0
55,84811.99758920447,Female,Bachelor,625.5258790622485,19983.342770331477,53,Divorced,1
63,51756.36308233163,Female,Master,688.177073324296,19515.29221171287,76,Divorced,1
66,58013.017562686575,Male,Bachelor,594.5463634102812,19520.642749744995,77,Widowed,1
63,54768.27645857273,Male,High School,659.6308055017306,21977.184819651444,18,Single,0
36,56522.119365967366,Female,PhD,632.8291067958704,19733.784789360434,100,Divorced,1
69,58101.41690787209,Male,High School,607.6394911020735,16132.502087527708,97,Single,1
67,60986.360146323146,Female,High School,589.323819862276,12904.07246053178,1,Single,0
25,44371.66398858991,Male,Master,589.8555837741999,21517.25966297315,12,Single,0
44,45625.370204722334,Female,PhD,568.3101991173602,12408.966474052826,84,Single,1
67,23884.657874616478,Male,Bachelor,694.8083596874634,25598.538626244346,60,Widowed,0
64,38295.43390247691,Male,PhD,637.9173418684389,15230.695191229168,89,Single,0
47,54066.691946700725,Male,Master,657.9325965033122,15751.92989017077,12,Divorced,0
21,65675.35063254036,Female,High School,708.9094682240799,15090.501534763105,93,Divorced,1
28,58985.59289564276,Male,High School,588.9941421534223,13184.611659221475,82,Widowed,1
38,44889.61484183104,Female,High School,602.9227162342142,16137.007201687531,5,Widowed,0
60,31052.406318722686,Male,High School,662.7357768346892,18581.872738717444,58,Divorced,0
19,8339.612818588499,Male,Master,558.7960223959817,8361.979786494252,23,Divorced,0
38,67276.00962171199,Male,PhD,621.0645743501566,7773.862546106494,87,Divorced,1
34,41161.56520234776,Male,High School,603.7553463449766,16420.675363382456,55,Divorced,1
60,43273.024906939114,Female,Master,666.4761221084768,24416.984212280335,2,Single,0
68,51973.60951862103,Male,Bachelor,628.7092066818066,13497.800716999585,2,Divorced,0
46,28916.599289121652,Male,Bachelor,750.4074639688479,19618.304579606796,9,Divorced,0
44,44753.267298326944,Male,PhD,696.8945686034697,27152.784077899818,24,Married,0
41,80352.0792465496,Female,PhD,607.3380757862344,13382.957083880596,81,Single,1
66,57580.80407866014,Female,Bachelor,630.6343281271575,17808.219169166205,87,Married,1
20,55388.73734770185,Male,PhD,632.6207743542278,16284.237594056172,76,Married,1
56,26262.582830273623,Female,Master,815.3287174555281,24459.837909989485,64,Single,0
27,83654.0284187396,Male,Bachelor,574.4900178010929,22319.3638261426,93,Single,1
20,28658.07637060486,Male,Bachelor,660.1769850202306,23088.304233673935,36,Single,0
62,78834.87133166597,Male,High School,545.7783932319236,32482.085313799267,77,Single,1
59,18274.159772182888,Male,High School,649.6531279397038,28147.376114045335,68,Married,0
43,71080.48158086631,Female,PhD,745.4945280954506,19504.776491548,77,Married,1
54,74270.81403500338,Male,Master,629.5772284162946,18990.040223709195,57,Single,1
44,37633.86318008248,Female,Master,705.2277210736024,12755.870556651156,3,Married,0
22,56338.705584093244,Female,Bachelor,646.6942387023398,11429.176562837274,12,Widowed,0
59,58212.208581569976,Female,High School,628.8750641587283,19751.79214611063,73,Divorced,1
28,37793.08275153041,Male,High School,637.4171820526802,13503.022683087374,66,Widowed,0
30,28263.235838946046,Female,Bachelor,620.654867741,23126.77714691342,20,Single,0
58,30234.23985288852,Female,Bachelor,618.6970864055088,16041.403561385849,31,Widowed,0
51,58115.12329939711,Male,Bachelor,583.4902793837753,17085.283027475114,84,Divorced,1
55,48723.26596220891,Female,PhD,725.3400364474721,12236.597294704181,20,Divorced,0
57,41535.484500467595,Male,Master,630.3461802103278,30550.767621094514,100,Widowed,1
50,64501.52016749691,Male,Master,664.6887155382876,23794.147745115508,72,Widowed,1
51,57621.01864087217,Female,PhD,606.1734074280107,16450.348794652084,11,Divorced,0
44,38668.059104515494,Male,High School,705.8495279707676,20755.735160730783,29,Divorced,0
53,31981.97721473916,Female,High School,636.3222111046085,26615.456539905932,36,Divorced,0
43,57848.92608032115,Female,High School,645.4483666071097,15360.874628865462,51,Single,1
68,41936.249471629075,Female,PhD,558.5511682352027,29532.993413530592,50,Divorced,0
42,51488.07293797254,Female,PhD,669.7988105569806,14839.125527936032,51,Single,1
36,73644.48458941576,Female,Master,740.5752852410122,19113.192583642514,4,Widowed,0
38,57534.92360112169,Female,High School,606.5461207000044,11748.108021764174,74,Widowed,1
48,37065.99500370145,Male,High School,627.0885423148759,7307.444369726865,83,Married,0
46,52409.917847296594,Male,High School,593.0838020892492,25050.453902679114,55,Married,1
26,35710.32570776918,Male,PhD,656.4581087120188,20428.510460066966,70,Divorced,0
36,74127.83233923085,Male,Master,653.2012098953414,11330.69509842735,27,Widowed,0
43,41576.31875595169,Female,Master,685.2540550747234,11796.993974350295,62,Married,1
42,53109.06120460427,Male,Bachelor,677.573677340046,25726.806998284577,56,Widowed,1
57,54615.98862019148,Female,High School,609.3741976907199,19247.024457386397,80,Single,1
60,52388.75702560553,Female,Master,661.2474024532187,27157.21623548289,23,Single,0
46,20621.76567295192,Female,High School,633.5849446638764,23182.93384118151,14,Widowed,0
42,28303.68404025007,Male,Master,595.4483511311644,19667.185762230813,82,Divorced,0
36,43214.74586646362,Female,Bachelor,643.6572063518694,20161.64990384128,44,Married,0
21,54791.477499972956,Female,Master,840.0830107483557,17224.631763766763,58,Divorced,1
62,47933.31178571344,Male,PhD,765.7585317002972,20488.930546145042,35,Married,0
37,35642.78790273475,Male,Master,656.9913298883826,19695.075089950577,15,Widowed,0
63,29773.635213174486,Male,PhD,736.9428604005378,24187.58336329451,11,Widowed,0
18,43976.636832509845,Male,High School,647.7308317926864,19182.9077946196,68,Divorced,1
28,42972.85932980415,Female,PhD,647.343083027926,24117.77745934369,73,Married,1
21,57692.546863891344,Female,High School,552.5214106185118,24603.161453874472,92,Single,1
24,45105.22306762523,Male,High School,601.9947217027857,20903.813034911902,66,Divorced,1
45,59040.614846439945,Male,Master,610.8250368006762,13435.158330004082,51,Divorced,1
53,41080.25345419392,Female,High School,655.3759515832716,19197.616469738583,19,Married,0
24,46160.634961785974,Male,High School,650.6992267429638,10469.626770069159,56,Divorced,1
37,44779.3043053607,Male,PhD,621.0528824304066,13966.891893237653,73,Married,1
52,38264.495496468655,Female,Bachelor,620.5593400233079,23652.09166580151,1,Divorced,0
68,59376.77984650595,Female,PhD,641.6923432196024,22474.463947137672,77,Divorced,1
68,37796.060043582394,Male,PhD,580.9294174658859,19983.955607825057,42,Widowed,0
56,42175.377350440715,Male,High School,619.368071981572,18487.834215012866,76,Divorced,1
38,48903.20531077704,Female,High School,630.9355065095853,16302.99526889859,11,Widowed,0
61,30539.305160648903,Male,PhD,587.5525533463563,17435.939585290776,45,Widowed,0
18,45125.975625192514,Female,Master,633.4881053367728,24826.257586370026,7,Married,0
54,39330.40460385817,Female,Bachelor,608.2596418232746,22383.39628679917,87,Single,0
63,44177.68711276626,Male,High School,711.7691196004738,13143.917532296635,72,Widowed,1
59,49101.07995993364,Female,High School,637.8098101430439,20994.264212822774,13,Married,0
20,38001.29565289003,Female,PhD,640.5227165871712,20699.814148441055,85,Single,0
51,46698.86330269466,Male,Master,671.4014053510683,28243.36736689042,42,Widowed,0
30,69630.03128528269,Female,High School,677.8484158420315,11212.241252579523,94,Divorced,1
33,49613.02162618269,Male,High School,563.1879097849925,16084.352304517099,4,Married,0
51,67178.93259528837,Male,PhD,631.1607945446233,24868.12918108221,8,Married,0
41,55197.41663010141,Female,High School,604.5483836873955,14445.33887793879,78,Married,1
30,61612.40914728224,Male,Bachelor,642.7414877903391,31928.108161712196,58,Widowed,1
23,38383.115468437616,Female,Bachelor,623.1833739400543,14105.278889391919,19,Single,0
56,51573.60747628269,Male,Bachelor,657.8534731428904,20145.610726095616,61,Single,1
19,52008.69383923214,Female,PhD,600.9770377218922,22797.737789774994,89,Divorced,1
28,40810.61391687596,Female,PhD,621.6116379239907,24405.18571264123,98,Widowed,1
24,37657.57513558577,Male,High School,620.4420165538824,23576.042423775227,99,Divorced,0
24,27646.019181390526,Male,Master,704.1295685235447,17689.612318572126,86,Married,0
56,72442.09455427447,Male,Master,668.4001829640272,24566.03502821414,36,Single,0
56,35413.95665971254,Male,High School,668.4444353792833,16226.737561011529,93,Married,0
29,70193.3160983345,Female,Master,635.6840859594987,17325.11428668584,28,Divorced,0
68,42987.6023951322,Female,PhD,630.7641073953223,22283.21230587376,95,Married,1
39,37062.60050412899,Male,Master,678.0501444248819,27547.88478961332,92,Married,0
68,59337.78710457496,Female,Master,688.8716966896892,18859.14381294856,66,Single,1
68,40532.12087379715,Female,Bachelor,650.757339281442,15548.292338224133,9,Single,0
69,58526.883783864156,Female,Master,707.0823972738051,26048.859536566146,90,Single,1
20,45007.82352721685,Male,PhD,713.7077513757592,13675.999837503601,30,Single,0
30,57206.3674417668,Female,Bachelor,566.7650980305543,29190.907445183413,16,Widowed,0
47,35477.20904139343,Female,High School,671.5189442391525,15079.586557708883,4,Married,0
27,62470.26586977152,Female,High School,647.8699035754481,23204.74223410649,52,Divorced,1
69,57319.59023994507,Male,Master,669.4144406984121,24633.4561276227,24,Widowed,0
26,36205.23964906007,Male,PhD,705.7988264013371,23925.17027231412,96,Married,0
23,89644.03581522113,Male,Bachelor,603.973091845428,21135.013188199853,22,Divorced,0
61,58101.84539600741,Male,Bachelor,568.986294878872,20247.647759339936,86,Single,1
19,84357.00605795807,Female,High School,705.3095736425523,11734.097493028385,67,Single,1
61,74004.01728123138,Male,PhD,600.0757677534793,16095.90181143835,96,Widowed,1
33,47167.47829673324,Female,Bachelor,615.6890243039483,23623.22343677789,73,Single,1
30,43815.92368093185,Female,High School,660.2310446709826,23316.845833087027,70,Divorced,1
65,43948.11224868798,Male,Master,615.6949089419322,14810.593471945134,58,Married,1
30,22549.57174358285,Female,Bachelor,570.3894685842201,21734.895099475405,52,Widowed,0
39,39562.47320975679,Male,High School,651.7094883707863,21260.154942950634,13,Widowed,0
36,53701.49035969956,Male,PhD,610.9257670519071,28754.59421226633,11,Married,0
43,72889.36341327212,Male,PhD,679.8929938935134,17907.994201318557,58,Single,1
31,38408.42175532697,Female,Bachelor,624.6961721960672,17400.713659318433,60,Widowed,0
48,63230.848990445156,Female,High School,615.57769306396,15382.785158369248,51,Single,1
46,31211.099877450215,Female,Master,639.4999730444895,15003.607645902975,76,Married,0
62,41205.19962183302,Female,Bachelor,702.6076738419335,21874.741807805447,43,Divorced,0
59,43135.39108565712,Male,Bachelor,695.3952040818842,16478.294304605108,30,Divorced,0
39,55577.1662224624,Female,Bachelor,595.338690877014,25373.51928985087,54,Divorced,1
24,56859.64470081217,Female,Bachelor,789.9853824543459,16863.504693427196,41,Divorced,0
54,64435.126172215176,Male,High School,633.7111837707486,27669.978376017083,45,Married,0
66,61562.55440607405,Male,Master,592.3792135520249,22088.627289615546,74,Single,1
58,53647.523231037376,Female,Master,694.4115995024389,21291.918131999253,42,Widowed,0
44,55855.47415262934,Male,High School,631.9163771322824,14247.857185832681,89,Divorced,1
48,73827.96036646298,Male,Master,757.6859753919824,21645.57093099501,44,Single,0
23,42336.10728151605,Female,Bachelor,692.3704177740767,20227.609882617133,40,Single,0
33,61620.92478600743,Male,Master,640.0640076845616,23160.41301688131,98,Single,1
55,22877.84110252623,Male,PhD,728.7653438866103,17445.76350870802,74,Divorced,0
55,56170.01364346413,Female,Bachelor,692.4557605735222,12731.850618468428,7,Married,0
67,42751.25686281339,Male,PhD,588.5552401532556,21376.10799442453,89,Married,1
49,50038.56773647265,Female,PhD,694.4197054786201,20698.93623349612,24,Widowed,0
50,65601.29367580554,Female,Bachelor,624.1756279025775,21219.461802663725,41,Widowed,0
66,52469.657142895965,Female,Bachelor,645.8336857376663,25028.250812383412,6,Divorced,0
34,63277.81311813391,Female,Bachelor,656.552722460873,15301.796836021846,15,Single,0
50,72106.47222707608,Female,PhD,606.0451993866869,8091.249311524686,88,Single,1
28,55836.40953298581,Female,High School,583.3328860554649,22375.13501173468,17,Married,0
30,67565.61596930733,Female,Master,668.3892005460149,22029.562601015517,41,Divorced,0
47,45101.58533481188,Male,Bachelor,580.5883250665069,17614.718470902495,27,Widowed,0
18,49876.85176595579,Female,PhD,521.2398686615367,20852.99100781943,15,Single,0
47,42160.70875402283,Female,Bachelor,608.1947197814285,14761.095951373834,76,Widowed,1
44,65644.66391969564,Male,PhD,666.55462107442,9469.013940017361,59,Single,1
57,56211.370306903926,Male,High School,636.5059433215018,11535.44275807194,80,Married,1
40,42391.483071576164,Female,Master,713.3565470310036,20211.80569938512,16,Divorced,0
37,52320.03250469498,Female,High School,659.1876747715844,26913.55207396858,61,Single,1
23,65623.52583227873,Male,Bachelor,611.684517402646,18052.40805847454,20,Widowed,0
54,49410.980134430705,Female,PhD,628.0208224760253,24069.68955083662,83,Divorced,1
37,35766.00783725355,Female,Bachelor,578.172932036541,17028.34014262715,63,Married,0
54,51978.676336811186,Female,Master,704.2898612352966,19722.804885604837,64,Widowed,1
23,20291.516133965906,Female,High School,580.9449956958521,23982.803619292834,80,Married,0
46,61531.55966599212,Male,Master,603.9796183940365,20665.899425546424,6,Divorced,0
30,43680.08619012979,Female,Bachelor,641.9856889785686,17291.60825649867,72,Divorced,1
44,42960.3389558134,Female,High School,650.1176632245412,15673.488182379138,72,Married,1
67,63135.4351816926,Male,PhD,574.8674818245105,19537.359375381337,23,Married,0
37,29522.55684162247,Male,Bachelor,604.7232102390252,25910.510463831724,49,Married,0
30,79206.47964230536,Male,PhD,663.252030111966,12146.727031587641,84,Widowed,1
56,42796.36937392665,Male,Master,706.4861679498497,24296.653807633298,15,Widowed,0
25,42151.23584922657,Male,Bachelor,667.4501781045087,21418.234963988933,3,Married,0
34,65318.371147507445,Male,PhD,648.7095119204573,15154.438665496347,80,Married,1
47,60630.4290966564,Male,High School,571.8795633064934,19908.131354394875,21,Single,0
18,86768.44578612615,Female,PhD,619.1328826723955,18979.82276634233,11,Widowed,0
41,46831.9102455272,Male,PhD,676.0747120655527,15261.298175572727,86,Single,1
33,48193.90042003385,Male,PhD,704.0473334927443,17302.82445073158,42,Widowed,0
28,27810.260300551196,Male,Bachelor,694.4687954077627,13718.563496065563,50,Single,0
21,45018.465839767625,Female,Master,656.9035822222803,9642.382062946881,58,Widowed,1
21,39178.530566423666,Male,PhD,710.2300233324589,20756.182188299663,50,Divorced,0
34,43268.49480341751,Female,Bachelor,794.0730356581981,25222.447250254016,30,Widowed,0
66,23837.183651690673,Male,Bachelor,620.3069042308656,28166.745306539844,69,Married,0
27,74909.11339841771,Male,Master,611.8442102327482,14443.107260720544,37,Divorced,0
38,28750.947763615393,Female,Master,725.9241462889861,30736.825825651653,75,Single,0
55,7966.958024124305,Female,PhD,661.7732262692709,27631.53366587689,65,Divorced,0
66,32173.63367625471,Male,PhD,655.6153844213635,27117.375170269745,19,Divorced,0
35,40942.40670805774,Male,Bachelor,669.6187163829563,16071.668037165238,45,Married,0
27,32756.68905114323,Male,Master,617.275674740752,17188.74187459273,4,Married,0
62,66474.55311098769,Male,High School,598.2602357624705,10308.212910502778,49,Widowed,0
33,47932.41232105859,Female,Bachelor,611.1426245225845,20955.79618363289,89,Single,1
56,50380.78406609689,Female,PhD,712.2973128415507,18031.98538038885,29,Married,0
32,59155.87646458119,Male,Master,578.1679667657709,20808.95344025819,35,Widowed,0
51,54290.187904671766,Male,Bachelor,674.9327322824275,15827.40982345988,73,Widowed,1
22,64678.50946169064,Male,High School,622.1156269987246,23364.3523407113,57,Divorced,1
34,33357.83669545782,Male,High School,632.3316555642327,21715.940548078845,38,Single,0
54,41787.22848980853,Female,Master,687.1475488304167,14279.384601561396,96,Divorced,1
25,59989.50719104306,Female,Bachelor,692.1994456678948,19770.560272443556,13,Married,0
41,11981.683068736551,Male,High School,667.1488268933468,21423.422504929284,44,Married,0
45,29372.23281024139,Male,High School,556.3440168816996,30042.207781057856,39,Widowed,0
64,57514.8834826992,Male,Bachelor,728.5482354337896,20478.904235495025,49,Divorced,0
25,42796.26447507612,Male,PhD,715.509825859978,15297.95501422815,91,Married,1
40,64041.61325164547,Female,High School,654.5718416595573,18418.68474113884,5,Single,0
52,62137.70445279744,Female,High School,650.5128908479705,19843.882670637904,39,Married,0
48,32028.606797134427,Male,High School,740.0724604310077,19332.023556815526,80,Single,0
34,56099.85631200322,Male,High School,697.3612135646864,10792.64053490375,28,Divorced,0
45,68025.46783501259,Female,High School,648.535279821254,18342.1155239274,11,Single,0
65,52211.516024764576,Male,Master,635.3830662074428,16533.455526875943,8,Single,0
65,35338.02684131196,Male,PhD,640.3231444494486,18697.435193841666,55,Widowed,0
68,63190.84912870055,Female,High School,708.8616027198583,30604.812026744698,89,Single,1
29,59531.36789830993,Male,High School,701.9995892353344,15838.546963093937,34,Widowed,0
41,58139.161752481945,Male,Bachelor,569.3288494250598,27189.70502050069,97,Single,1
32,60739.083401554875,Female,Bachelor,673.2321199433032,25803.090721717457,58,Married,1
57,5080.807096585715,Female,Master,693.2060665688804,23417.489094877856,63,Married,0
48,63214.06341621457,Male,Master,574.6768417014141,20015.552091856443,89,Single,1
44,77121.97715868463,Male,PhD,649.8517624280838,23271.96710445443,85,Widowed,1
52,56549.5771194394,Male,PhD,561.147819681174,17750.401108941263,95,Single,1
35,52890.9349474959,Male,High School,656.4746417970694,17267.704342938312,5,Divorced,0
53,60446.580100871586,Male,Bachelor,545.8382749043526,16260.691639290691,54,Married,1
25,55073.38210527673,Male,PhD,615.9127238146041,21369.507954735782,13,Married,0
63,59776.71892550924,Female,High School,619.4467042752433,18951.147090120558,31,Married,0
66,50022.065003681164,Male,Bachelor,614.5575089928697,18802.074670006918,47,Divorced,0
55,38499.42718194649,Male,Master,722.5764008487283,27101.14406357378,21,Married,0
22,34935.159316780795,Female,High School,676.7755284869552,16476.257441087702,98,Divorced,0
31,35027.124076522035,Male,High School,630.02155698383,23676.824476615548,59,Single,0
55,29404.361735736573,Male,Master,603.346107955295,17390.3619142893,52,Widowed,0
37,33983.869834713405,Female,Bachelor,638.0611841577384,12039.024871182533,6,Single,0
61,76418.99191129794,Male,Master,598.5443515850342,12870.24776079808,61,Divorced,1
26,61311.434954843644,Male,High School,698.6540002074833,17542.23813675067,84,Widowed,1
50,40624.58913972993,Male,PhD,749.8383000773892,23148.057448527194,8,Single,0
35,44144.10959021738,Female,Bachelor,702.6599949041056,23208.9319716483,47,Married,0
23,51688.36296359682,Female,High School,666.5845172772574,18796.56423662948,89,Single,1
54,40166.82455773463,Male,Master,641.7185608353427,23092.108544275605,10,Single,0
19,51012.75285761487,Female,Bachelor,629.7446855269269,20381.315550378782,50,Married,0
47,61664.06206854367,Male,High School,737.2642286343797,18692.548403809746,18,Single,0
23,49463.858996777395,Female,Bachelor,621.2032196239232,24273.656332361883,99,Divorced,1
34,55040.23613992988,Male,PhD,728.0549278447875,25939.469501799067,15,Married,0
56,63297.37309039424,Male,PhD,593.4230378989926,25080.136962993525,67,Widowed,1
58,45918.023659726874,Female,PhD,635.1884172800897,18465.63519505678,10,Single,0
40,54271.85898701545,Female,Bachelor,564.2971703639607,22838.53813929072,59,Married,1
48,45359.33610674958,Female,PhD,657.961710061414,9353.77164234279,28,Married,0
37,49572.06695248376,Female,Bachelor,586.8136189061896,20975.334613666157,76,Divorced,1
22,45129.0460237556,Female,Bachelor,733.2524703395221,21805.011828676277,60,Divorced,1
38,42066.95219665827,Male,Master,670.6136135830535,20759.87599477896,48,Widowed,0
60,52605.67779480535,Female,High School,676.8698373438409,18888.63635022469,48,Single,0
28,58498.17973727319,Female,PhD,664.1339224582385,26523.865931261298,87,Married,1
21,52194.566690015665,Female,High School,595.3729592804431,19533.811496294922,33,Widowed,0
