Age,Annual_Income_k$,Spending_Score,Visits_Per_Month,Tenure_Years,Discount_Usage_%,Online_Purchases_%
56,86,49,2,4,73.622888252855,5.9105820875654524
46,12,44,22,5,43.641959872959305,69.0726315113263
32,42,56,16,8,66.67719097838972,72.8786222256576
60,15,28,25,6,9.432742629104363,4.697299109813979
25,59,79,2,4,74.80047363714034,92.80517502288481
38,19,6,10,7,81.2713619893062,9.114063944467754
56,14,61,2,8,70.68378557805411,28.59005337712024
36,32,20,16,2,96.72635875263656,67.23898127987044
40,19,78,16,7,82.66520574606405,16.987259440447634
28,53,2,19,2,90.30937278765383,5.541588844224443
28,11,73,29,2,93.3571083457648,33.11464891641498
41,22,37,7,8,80.13479918738085,76.59715748551791
53,49,20,22,2,67.4258842006499,41.367867898526036
57,11,26,12,9,0.5718581360789288,65.29729219079393
41,93,29,24,1,46.58257532231247,57.961909722813665
20,74,1,15,9,57.1162298622361,2.221848202558041
39,72,35,8,1,30.40302724479996,98.85399870457067
19,82,70,6,10,31.810444690347207,4.142808881938775
41,26,59,28,10,96.11594157101652,96.7802737648485
61,18,69,27,2,89.17108652027459,54.98641783643981
47,84,33,10,6,84.91790055017042,96.31590270650665
55,24,51,3,6,40.60118017061106,11.475359941383545
19,33,78,19,1,1.3698550408914545,49.04085191855132
38,47,12,17,7,8.022224645571407,16.950409186605864
50,44,20,7,8,31.219636821760368,5.097487702244241
29,58,53,21,2,1.5742912995676983,61.75291150623116
39,78,88,20,8,1.7149781915198115,20.778342096169144
61,71,43,26,9,91.6603301642411,58.76970182875459
42,69,98,4,6,70.61585021190541,11.236448194898562
44,59,89,14,5,30.895599006815267,33.19864714327028
59,87,50,20,9,13.264457760095317,78.16325580532471
45,84,29,22,9,51.163571789507714,43.70515218421877
33,18,57,15,1,0.5346160854364457,62.774541489733636
32,43,39,24,3,93.8413743858144,64.7457940745546
64,85,95,8,9,41.48151193889472,84.37550439872936
61,44,56,21,2,40.233495523733275,32.49227944066413
20,10,43,15,4,39.059360758178215,68.72955625825176
54,49,50,22,4,6.932833038776476,96.16158070461657
24,73,23,20,2,63.83222397918266,73.0243334357868
38,31,44,28,3,73.30036196283534,48.987047671774455
26,69,38,14,3,67.61253975882903,63.07174444919292
56,73,84,27,1,13.843549332939432,73.96828977631081
35,81,23,29,6,57.884016803559255,61.227576569387246
21,20,45,9,8,56.948448417225386,1.6675813489839153
42,23,52,8,3,86.8410787941382,19.477349768722586
31,69,80,26,5,37.9127658375647,81.0468217215466
26,39,50,28,1,37.148594365943424,27.26506473124847
43,44,8,26,10,61.85270587181856,73.1562119561134
19,94,85,17,7,63.3072653499513,37.21202152416987
37,46,1,2,10,46.92852273257904,52.188432815794314
45,14,8,25,1,44.30593623304211,6.79732998194037
64,92,29,24,9,49.41476706378827,18.122556104970954
24,87,96,30,8,86.10452995033118,95.71969635192346
61,35,5,3,7,46.116690125391,89.0138053446914
25,71,86,8,10,93.99317919698224,65.22751108990502
64,13,47,12,7,50.4003763596326,45.96445973857374
52,98,34,1,5,94.92006931808913,67.57612928952238
31,51,65,10,5,83.28319018690758,61.8610289093939
34,98,55,20,5,36.243132261582915,56.85522556046121
53,27,90,3,1,86.3641421296616,5.917707186354182
57,49,43,6,8,11.006328420111522,63.280261066150686
21,81,74,7,1,92.50471753430145,76.89200445711684
19,48,30,20,4,63.164351508289165,99.40816546455756
23,23,82,23,9,5.439074852231118,1.1078552594309676
59,41,17,25,9,64.42567236508116,73.01734533106766
21,60,26,27,5,97.42476541447562,57.17893159359805
46,47,8,18,4,6.9800654614628925,43.40521760809567
35,32,47,11,3,55.46877097800863,12.757017457137088
43,72,76,19,3,74.77943497593725,40.908514863487625
61,24,91,5,5,81.02585866995314,35.43771829861353
51,34,72,19,10,41.38274653207959,30.28298889787422
27,26,89,11,1,20.4166559168243,73.08796233222077
53,75,46,24,5,4.234227877238384,70.07255212842638
31,87,68,12,6,57.972615709722476,58.902009098091156
48,62,33,10,7,45.29110702676108,93.86648132933722
65,60,1,8,9,94.8744395149711,34.985438418085444
32,48,19,24,3,6.060490771490978,24.380193771017954
25,60,31,28,2,68.53953434460057,65.59033130983995
31,79,80,28,3,2.496622212005717,19.881406093740296
40,15,14,9,9,17.143417671054273,31.501050718342462
57,76,53,4,7,45.357899992283414,22.460244007488484
38,16,48,5,9,45.48724428028682,6.9153567718501225
33,60,69,21,2,68.5700542933644,82.74987416356734
62,81,90,8,5,91.02130348677566,25.454054292166116
35,51,62,23,4,63.90321589149208,47.30275033430207
64,73,92,9,2,95.35350978515088,4.331527325431194
41,24,66,15,9,88.16156398779977,69.93394662526431
43,38,64,15,9,58.449979553079025,33.056100230629085
42,42,70,16,6,83.37919509188274,74.473672782921
62,36,63,14,6,64.2577610323634,41.240306046786614
58,45,73,8,8,7.8557830923727145,19.57556064056246
46,38,33,18,6,74.05647232595099,51.31750822820359
32,47,41,10,1,9.490844126734622,13.050455963743978
62,66,89,28,4,59.40827805697124,44.053915987299476
18,36,48,20,7,70.26402058582289,31.730547742048653
42,64,13,6,2,6.652760821085524,91.19595841996332
24,42,73,12,9,23.079465392653177,6.092872172071995
26,77,77,2,8,91.56722322616498,69.4017414105742
41,95,31,7,8,61.631449223289636,18.27511659874359
18,75,75,16,7,24.628601881053157,31.904507433223984
61,19,68,3,4,69.06797711480066,41.551406306206594
25,14,98,13,2,59.67764199616896,90.80150893749742
41,83,4,3,3,50.15756999179484,24.257826607382516
28,47,19,27,6,97.61869749880837,9.130880254467023
34,22,70,18,5,68.34537774075089,31.86896039905236
25,40,98,11,8,37.544110966791266,10.467597053553334
52,56,82,8,6,80.0073432076868,12.859648596055251
52,97,13,6,6,88.45832929211878,57.38505979750267
50,61,23,1,1,12.522055951683143,6.090193309949332
22,65,83,28,4,20.055297784526648,3.0930881393566034
59,24,75,1,5,21.62270091277797,71.44141014704978
56,38,1,23,3,69.12118093865404,36.16470948410445
58,17,88,8,9,60.30395550532833,12.537534923387328
45,14,54,5,1,61.899156469858816,25.361277085970823
24,38,71,28,6,94.0773299689501,64.2086507352399
26,56,89,16,6,77.5911532807306,27.55365671408512
25,77,85,11,10,12.793692451178318,49.45211251204079
29,85,15,5,5,34.7507082425181,12.169530672667229
51,54,65,4,5,43.53936461757356,58.8093637605447
50,11,76,30,10,39.59615887476049,31.607768384326405
65,36,71,6,5,66.93086091618792,62.696843452871654
40,45,15,14,6,89.18931032565625,80.8394882304023
41,45,21,22,8,30.6051463522788,61.16464193899924
54,35,19,19,2,55.18771364211857,29.574756259502067
52,52,60,9,6,78.94094219135856,25.57437015483004
61,36,93,12,1,41.621805884534936,32.7420958733448
57,78,89,11,4,16.811812839929587,16.462051323650485
39,29,33,14,10,47.49509652637482,18.117185085002006
44,20,49,23,3,5.5222520743028465,79.06911019001679
52,83,96,16,9,94.23834540022769,38.4732576507445
18,47,35,1,3,7.482120519497304,43.59951805705858
52,15,44,13,6,43.84567152505782,59.40494655668112
54,81,90,23,1,52.98812610885262,58.96534951515476
64,32,11,21,6,98.53038322872855,6.7376871521925725
31,56,99,21,4,16.60218236428608,83.15407863376656
20,99,72,30,8,11.443151861235856,17.732655322393942
18,55,78,13,9,0.8706147062543579,72.30716360496689
22,21,74,2,4,15.55714368693023,77.26709881281666
43,99,66,4,10,20.72729790676676,71.48995340913137
31,22,46,28,10,63.05809415830923,57.89776465541452
56,71,9,6,6,21.97067903914004,1.460899710888286
44,91,3,26,1,2.052081472932521,36.03754923631707
26,98,85,27,4,82.66183455024887,60.48394293625812
32,69,26,23,7,36.55957010039668,38.74512959225387
32,52,72,27,1,35.369668658073394,86.34798949128131
43,85,48,5,8,30.247902916792658,30.880227534961534
59,77,66,25,10,97.53732771464209,29.353479245866044
30,14,70,3,6,17.011541730928148,26.599769309265795
49,46,28,1,5,89.82380639532352,33.27808689607955
56,81,93,4,10,77.68033321398879,55.74049643141872
49,40,26,25,9,7.6479955499313075,70.70152942725908
21,18,25,20,2,98.67291015008487,66.2567917738785
47,60,12,2,5,27.136596353901055,80.77178199814796
54,38,5,26,6,9.858292702241233,88.59139954974249
40,87,98,30,7,82.93142341257594,81.60790423433512
56,49,48,30,5,70.66755336776998,1.8945403374354575
62,50,37,5,9,61.72188058779008,73.59179535519887
32,95,79,3,1,15.598086369893316,20.83995736183316
60,20,44,29,7,47.84961162559619,13.292804270798264
46,32,100,28,10,78.05560268872138,63.84887847991355
53,10,15,29,7,30.362393814384024,31.974319540769493
30,55,43,9,4,31.168982851504147,5.711716337044326
49,30,48,20,9,0.3140906048122116,13.762973439836134
24,99,87,6,5,17.424340164537956,0.09294168699610639
39,45,70,18,4,87.54056251218343,90.32236273447073
45,63,46,6,7,44.17464916377071,2.461798384123859
19,96,43,19,4,98.4234499234434,20.945576950951107
59,66,21,28,3,39.57079635737926,41.62627806879073
62,10,23,12,9,71.51864547802413,35.65713259508191
23,72,80,25,8,28.191904290472912,91.17258769127757
45,63,47,11,1,36.38096411409335,4.028894573454211
45,64,15,2,7,19.072598759089466,51.221470767705156
61,49,25,15,9,34.7062368499395,68.0479462524374
61,24,36,12,8,54.72375204206431,93.16979736811687
37,30,75,12,8,99.17728809792494,62.0371252123721
47,56,51,9,6,66.42017130717856,80.37552360117627
28,82,15,21,4,19.924595440831403,8.37249378453484
45,62,68,24,8,4.496144159155113,38.59395109369274
42,18,21,2,3,12.63564813145106,37.394713447906746
56,83,13,22,9,56.255520127304735,88.62882164557176
50,61,86,3,2,76.51603288167664,15.137117126327492
18,66,19,12,2,94.0419207300747,15.188617233663027
44,35,34,28,7,1.5823171996820817,32.855814988579844
30,50,78,30,10,52.27601415618698,5.446604736683758
58,44,68,26,4,47.086735622317676,18.245804065249004
20,72,52,16,10,65.6055021975704,96.52096385457352
56,34,27,21,8,55.95788544653419,42.81839398671728
23,99,29,28,9,68.70391505824806,63.201920842243645
25,84,28,24,7,65.80825847491903,72.6111259344637
44,47,35,26,5,11.70117248579462,36.69614070072005
26,11,8,30,8,79.97179136187196,14.722707441051696
54,16,16,1,4,12.323257571632485,20.658101622178084
50,91,36,21,2,69.85306252091371,31.326647658061034
59,100,30,3,6,41.614536764060674,63.60684203522256
61,43,18,20,9,51.38507345765979,39.82805490890544
41,100,2,2,1,90.32980143757105,0.6814697900128119
32,26,49,9,10,88.98837264734865,52.34071850674719
49,52,77,19,7,81.78563056550296,92.1513391907418
49,68,4,15,10,51.014838045632324,81.2077611008679
41,60,90,18,9,73.62398101338331,82.52113712596311
58,63,89,26,10,51.289705551880935,79.50580176061311
29,33,94,11,9,86.96060824747775,32.37308256104237
56,34,75,25,10,40.27758332328999,76.5193833754392
19,80,7,23,3,97.02353444148768,14.3161357811193
20,61,95,16,5,93.23227582288776,65.77161472759535
54,79,74,22,8,74.16026194517855,64.15685666849944
34,97,39,17,8,27.9415884176072,2.556979908973467
19,42,13,5,4,13.16535887932584,78.79701335909316
19,58,31,12,1,85.47034500931974,90.32481050951306
45,38,71,11,1,16.530228613796126,26.741527847210765
40,72,63,30,4,85.42607889973357,81.2390724186151
54,31,56,15,6,49.07650067123605,8.24059718619482
49,35,42,27,8,40.65567838081042,59.9967858261066
50,37,61,3,6,90.31907788344292,48.56468653342772
18,94,42,1,9,60.38509825402779,54.5923533309
36,58,56,20,9,57.661400712971776,92.62052018843451
19,80,36,29,2,55.87659446243977,87.13152472468535
61,90,84,16,10,37.11695160195314,78.5083657239757
43,93,68,2,1,78.56431035291273,27.3698457678371
49,58,7,2,2,25.2798444015773,91.18186286860916
23,29,54,3,5,93.88949600412751,9.750769246387526
49,95,1,8,4,89.39852050469608,85.33292165587878
21,72,44,24,4,33.748032567489815,32.81600723536078
28,70,45,28,9,72.94637698316637,5.377231166198337
34,58,47,15,8,57.32231944495915,66.93569842407483
55,80,13,7,6,33.76493019992346,23.127992831595545
41,10,22,6,1,98.85216479954467,24.35711258646319
22,22,21,9,2,2.5237345848264203,30.60471662287715
51,96,86,20,6,25.264603062128664,6.368476750251673
23,60,92,28,2,52.00740611111504,17.712714419825403
39,65,9,1,10,52.19530034785639,0.5139627585560302
28,92,26,8,5,58.89330749455641,44.54095211057868
65,71,9,23,5,75.16761720229192,8.425537741797129
33,41,15,23,6,62.34778305192964,68.2652605044199
50,39,10,3,6,60.0281460528037,23.562285119164837
26,38,88,4,6,5.351446291304329,94.35741440351771
23,58,42,26,2,37.65302877892983,87.12516273986526
33,54,72,25,10,23.2055739701156,28.944089496820823
46,39,24,15,3,26.537011160197544,78.32154546566787
20,25,80,6,6,55.43374743403449,80.32449046648063
37,49,49,15,8,19.95053149296084,98.65631141144104
53,28,26,21,1,29.394910101689753,59.783998684568495
36,27,91,3,1,23.70847085173401,8.19657346436622
43,10,37,25,2,94.85029432181948,64.6837228926381
20,87,68,21,6,94.46657321710951,62.49797483760352
36,56,50,21,9,60.99415585960517,63.835057742043176
37,75,24,14,4,92.45224687318999,30.71456481042115
49,47,19,20,3,78.58126454683732,85.96795850803329
24,60,100,14,8,58.99478828018088,95.94721829554119
58,72,60,4,10,0.6435211496795712,21.77125129781515
50,13,39,12,9,77.2516286079404,8.815215813664445
57,10,74,17,5,70.24883415884689,19.45350331684841
56,17,89,7,9,61.5253653282414,82.05521392557188
35,38,18,9,2,76.04243116824718,67.66446348198475
57,64,19,3,3,51.29221647747657,63.604734233912666
18,12,36,28,7,70.4083271321339,40.17931351094245
28,41,74,13,7,93.51720867264933,57.78279715114357
45,19,97,15,6,37.580501584608626,30.787412527436743
42,83,55,18,6,70.81218349006254,47.720007941796126
40,92,69,19,2,47.568781801095874,79.30630283706559
48,43,47,1,10,67.43996518139815,98.12415974554621
47,96,49,6,6,76.28933355543641,93.24889235898019
59,64,99,27,4,4.545250043579596,93.38659428462488
52,41,98,27,3,64.66004439486619,40.22237348471124
24,59,33,23,2,22.674118440694457,46.87898805067909
33,16,21,27,1,67.00325378075668,70.56353963689816
43,17,81,27,5,46.83301859338135,92.21919280512843
65,74,22,2,2,77.35527418648871,14.199425935208465
19,66,48,24,2,12.340081520559643,30.424186382719576
18,76,37,14,7,62.63223516561951,13.924684459410951
65,97,15,6,8,27.847072892755232,61.20085299594553
29,96,35,14,10,85.29819953305915,30.630099688753752
22,68,92,4,8,92.83835056363074,32.61078525125735
54,81,71,21,4,99.63982936790555,7.091595948797924
49,63,32,8,1,79.60074024272834,34.97960618075919
26,76,11,30,7,75.37340704280045,86.24965074015853
58,60,10,3,1,21.550075886755103,23.307281189083497
52,17,73,19,4,33.600705899010876,69.51874662100657
36,43,78,30,8,46.56825417622795,62.96283449385926
65,44,77,14,2,77.33810477822497,86.34846083691153
33,97,57,27,6,91.49658650779686,13.228794765103824
20,87,25,20,6,18.91391000229846,97.75899603450432
37,41,2,17,9,92.23674846701029,58.26286460403656
41,55,64,25,5,69.5624652354058,99.54741523468144
50,25,35,8,10,61.077073068503864,91.15147258658509
41,77,7,24,4,19.98412712819395,22.15172721131058
28,46,85,14,5,5.552503280915055,5.61620099033131
25,63,18,26,10,56.84648985079399,25.563909379536152
53,94,67,6,5,65.15156833288924,52.756364899941985
55,23,42,23,8,21.078144935468824,17.159636706519
57,64,39,22,10,55.64562058254564,16.74597445179885
37,57,41,16,8,85.64934027625736,46.25935471051531
52,91,75,25,2,83.506594545502,3.3267971169358423
65,16,24,19,7,92.73551805862972,12.188808253227046
42,83,60,14,8,36.588580955688045,41.58613394079475
52,16,46,19,6,31.80495725509187,6.312990920796646
42,42,19,3,5,74.94260059808087,39.67550564555293
46,32,68,10,9,43.1112405097005,47.40062659484451
35,94,90,19,3,8.754866402778061,45.12666140731144
63,28,42,9,10,28.28011306704997,86.91748574030873
35,28,32,28,4,41.85822855314891,53.00624550517325
19,45,39,20,9,29.251642547625202,46.798046247804336
52,38,36,13,6,33.220557094732165,41.07092453916662
33,69,97,7,8,29.377590617439076,81.76233783044862
58,91,36,14,7,4.149916718307944,89.50566039998331
53,11,3,9,2,63.709470082444255,85.32424691971175
50,10,73,27,3,59.72924203534693,67.35465781313908
21,56,8,28,1,65.33834984786806,13.736174596867423
50,78,97,23,9,19.230989603362747,27.686996949201227
31,29,70,25,7,29.565454161248528,4.606306368197743
38,20,41,28,1,61.96159269449223,93.08240749901141
65,11,68,19,3,59.96275684599214,66.07985296909104
37,76,13,15,4,50.63303093542678,74.63628843132415
25,96,49,20,4,35.04132500101974,31.157173958222895
24,21,60,14,5,91.293100477469,84.56535222773424
20,29,2,24,3,33.97702422988438,25.96032837084785
34,14,60,6,3,45.56191564372516,0.16437571124496841
50,46,5,21,1,67.81138309542088,37.641496252069395
65,47,44,29,7,54.302143086676416,57.07614809590734
29,18,27,4,10,34.68859763643856,47.87048579655225
39,62,32,8,1,43.564479045650984,86.2076142576597
39,53,21,17,2,79.44808178535061,10.540528595616694
63,95,8,30,4,27.812915548661245,55.38234406337256
47,33,72,9,4,14.225523977681542,51.297934982090744
55,90,50,1,5,31.31632018297771,28.1392982172163
55,83,67,24,2,84.95342154879013,82.22281125770105
62,39,44,20,4,8.898971485634666,75.28486558822063
25,68,58,25,1,99.16960733724518,73.2859187331831
44,96,3,14,2,54.10028989276625,87.6192478269556
44,90,86,11,1,98.4845743967094,72.27846006215212
51,90,70,21,10,93.89964220859775,23.184129171472645
38,23,2,3,10,45.28137142109168,70.5562711649691
47,18,87,9,4,19.84910746053491,30.770281338984383
50,49,44,27,4,16.488477656513844,24.217465034747054
45,75,2,14,7,23.99893638699575,7.300359289962732
64,34,81,30,10,71.01326405645374,74.40285803476768
50,82,35,9,9,27.294999473148785,71.10009619498112
22,31,98,4,9,34.142526960429834,23.449947767409373
65,13,87,27,5,44.877880399461475,74.93790167241559
36,35,30,4,10,91.32326804214563,91.78408830935531
21,67,8,28,1,18.939341788484608,10.802895749157926
52,38,22,8,1,0.5026552609803114,23.263663838677495
34,96,44,2,6,6.0096410378170155,75.02607940873155
61,46,58,9,2,90.4766341680118,27.450667350707825
45,84,36,29,8,64.7516464843363,62.46639742837168
47,79,69,14,9,27.304061932780677,8.116422446371452
46,27,77,22,4,17.719250101119112,45.22024791035387
63,94,93,9,5,29.426673663711433,73.9091421992953
23,51,31,24,8,11.479692725128011,68.65139430432525
52,50,47,23,3,94.1532910284441,81.50721006758069
58,47,55,16,5,78.42061743652668,87.74521266031688
54,43,80,29,3,46.23911769125407,77.31835012587582
41,26,62,30,10,86.49626051152019,67.15877429389259
46,46,30,17,3,24.945820429323227,3.172249181603115
63,34,55,16,3,71.71205684721936,53.496667340944406
48,85,16,30,7,85.61324990137435,3.7697724914852793
52,96,12,12,7,35.67687116232726,80.80678171160226
50,95,17,3,7,75.74644454507177,32.07245244599576
38,94,16,11,10,29.507234926430936,56.24293741179209
49,36,12,14,8,29.88571352590308,27.94453073189026
40,66,8,18,5,10.705717855418605,78.25001443802935
50,40,84,21,5,44.00580465093987,88.65025266419025
20,15,3,21,4,72.97119064974223,39.8642494213064
35,100,16,5,7,94.02208055712849,86.2922393510989
42,49,30,16,10,60.379699192909605,26.70750074563324
59,21,23,20,4,86.3135537735739,53.46609230755238
48,62,92,5,2,82.24946492902271,85.8761429838704
20,80,5,3,4,17.334305297528086,32.588134261579036
57,19,84,12,8,48.58174289126315,95.40422650780857
63,54,65,1,9,11.692353552539148,12.187950178138362
41,26,30,21,3,68.2153161561635,1.8275069723506232
49,35,21,29,7,94.98996682460759,90.41353525781906
64,94,84,9,9,13.70894580787565,6.864866614787224
39,71,70,29,4,73.38831308025414,99.18891959474917
40,55,22,9,10,63.2238150867861,95.1396861979106
19,73,82,4,3,58.36050370080997,13.702091003632066
44,11,72,3,5,39.012023468833924,53.75846256925658
59,63,32,17,1,35.513164775381256,18.492029746714433
19,74,33,2,3,4.524918901888785,42.81551730301199
43,60,16,24,8,21.790870825201345,6.142512925983268
34,62,76,1,8,1.5176882286826898,22.392458779658952
57,45,38,8,4,58.14171055820205,36.32727963988995
50,35,98,13,2,10.585323587790885,43.864750024605485
26,38,14,23,8,87.30193940297161,97.74962582088932
60,30,36,15,8,52.314302069716526,80.78656456839812
65,20,97,8,10,69.96899090587084,73.74099443119462
56,49,23,12,4,41.08570918404965,53.704131474197425
46,20,66,22,3,56.057980900104866,83.99977606043434
59,45,85,12,2,94.26591769666305,33.93228356557111
43,68,2,14,9,8.273403962367077,70.8899112773316
52,48,91,15,1,25.393777192369615,99.37839753781721
42,63,73,15,7,77.99883269105443,31.46289089351988
41,64,65,9,5,9.873720688266586,67.40175348839674
30,33,75,19,8,7.566110390411085,84.43148641523824
24,31,67,26,4,36.15413987540386,91.58075833506723
53,78,52,20,7,9.216795847243231,71.79326909401018
62,65,62,29,5,58.507844220620306,28.360792341713626
37,42,23,22,5,22.627525081659982,32.62821515689465
18,45,26,8,9,89.56979631993724,2.075803212396421
25,29,68,21,9,78.35000808452567,76.08859776715097
63,92,82,19,9,69.97052060994761,4.273960606195137
33,90,55,6,6,61.694402738450194,86.46523546027457
31,71,6,20,6,86.34657303414633,11.86606144745388
29,82,35,25,5,22.30620615427569,17.187651213592424
40,35,22,29,9,87.31088427642277,47.652647083223734
32,75,43,19,10,78.94922984240523,73.78804151687423
45,82,15,4,8,74.81608263876855,13.90022051990777
51,82,86,23,7,56.1255678074924,44.007107506649845
19,49,60,7,7,24.62441609706001,48.28512744101048
49,26,12,28,6,42.35479159918963,21.228564166859133
40,10,49,28,5,79.35706545388015,11.555837668063173
39,98,42,4,4,3.1778484357324444,83.64209229856395
42,70,38,22,3,78.20507692637582,50.24656497627655
39,52,82,12,3,24.00707404875665,1.4381235984152974
39,51,45,13,6,14.430920072160303,80.29813013091038
59,34,35,3,4,11.570131818030216,98.07938054145848
23,48,30,22,6,2.725001195081511,60.59261954142473
32,44,88,12,3,52.35864852214529,50.37083870840707
60,12,30,2,4,21.82598726937295,87.84158630449616
54,53,78,24,9,98.94317657796316,95.25167896845986
50,60,6,2,5,57.443675587220575,75.45369159024605
25,21,67,27,7,13.788526935601041,44.545292973428786
61,28,80,23,10,68.87625408113654,59.22213993314405
61,53,7,9,2,89.77435665097254,70.09353650179992
22,68,52,1,5,74.51794953696144,19.427357100180142
56,58,14,8,9,7.6439861039447665,44.720103221643804
21,70,73,23,3,89.58841811926595,82.9821264717285
23,26,15,6,9,79.39293858599648,65.4725348498443
62,83,21,6,6,15.830390010561434,41.12040672118541
49,66,35,22,4,5.1785888732816865,66.33625340146814
47,64,66,25,7,55.73105753143085,11.822241207245987
64,56,91,18,8,15.60358113399769,40.149761056487634
52,21,2,17,6,83.4590952595272,79.31285379630563
57,71,35,29,5,35.833465667167374,22.0508787136648
33,89,82,12,6,91.28924447365753,18.596150755741768
30,97,78,6,5,56.56881721410058,95.08186599164314
59,92,20,26,8,18.267238423966813,20.98976295862307
47,17,82,27,1,13.95988673598001,26.091857965016807
36,30,10,8,7,57.64724375577539,96.96159389043379
34,90,25,19,10,76.18836118624439,73.47085702650257
36,96,66,28,10,78.15056477421821,69.95965330235282
45,89,25,10,2,27.575740444128126,85.29263838545813
43,79,54,1,9,20.424675891216747,11.582308223679426
54,81,33,25,1,1.6756304492382412,70.59562365800072
43,34,36,29,10,67.91991512011694,50.36886093282389
40,91,95,13,6,7.656825843353898,82.915064028414
26,98,14,17,9,42.07612017659258,50.81417186651943
29,21,65,3,1,60.16821640182961,62.02413542689121
18,24,80,8,4,93.71089449196771,47.774212639953596
18,68,54,14,4,31.180213695576864,47.81589235558441
64,35,52,3,9,24.977216244651977,76.79699780618316
51,35,3,16,5,65.41601542860984,62.85664006472832
49,56,99,13,5,61.923903205358165,63.32632016094104
65,41,41,20,6,33.21097833081246,45.02824838315258
42,19,6,24,1,92.81018355097865,53.11094963375276
57,25,25,17,1,84.48623274896327,74.57176662047873
62,80,13,13,9,22.398254586508116,82.59409191119182
18,26,98,29,3,23.91425454345232,69.65614021440462
33,32,8,6,4,51.23003468870806,92.4072988845683
56,35,21,17,1,77.35721017307203,82.0324088147201
22,94,98,14,9,4.4040379388464395,56.186378980951844
39,95,68,17,8,69.33351537347066,67.14060726437368
46,16,25,30,2,64.82358973820969,92.6308276921196
20,23,79,8,8,23.148009591298823,61.91680442430584
29,88,68,11,7,68.13530132413487,82.48069479798306
43,16,45,20,6,94.01831912520827,68.8810503589987
33,18,60,28,1,4.6785844971768515,55.193636106046654
54,57,12,1,7,31.96520552920625,24.18381954153531
39,81,32,26,10,43.817671666635526,42.599751946842815
46,68,96,7,7,89.92603589246896,96.77428248337156
31,96,92,21,9,96.22614466091566,65.77653832726
45,91,13,21,1,44.41152464963323,56.43953803389896
22,48,31,17,2,75.00284121421912,93.29566255282273
64,27,78,30,9,53.1661023764483,58.65117810374487
47,68,20,10,9,53.77829347413765,52.6082518417403
63,26,18,11,6,27.809951506635645,75.93108551502053
22,23,93,22,6,21.69562458638795,71.26656189865444
29,40,60,30,4,28.800534592404116,19.316000840843273
33,33,63,9,4,55.63280072570793,47.13082745741212
43,69,6,9,5,2.9155186022088997,47.25154428195852
43,54,32,24,3,90.72489443564058,37.822451524334475
65,12,93,5,1,15.628370954977623,51.729348215225315
38,46,43,17,1,22.008867687138654,41.31073977271442
56,52,2,9,7,51.827617644764636,19.934548947118312
53,49,60,17,1,71.01147663372794,41.23664872746811
50,99,23,24,1,9.57290547443973,7.22769475731766
47,64,83,21,3,31.76946975471622,57.578586277441154
54,96,31,19,10,96.86746055743572,85.3654548941112
40,48,5,27,4,26.23429667809457,72.52870843545553
27,24,83,7,4,31.305014506314688,36.03940400541112
22,13,34,23,2,83.64984906180335,8.707120557730818
53,95,10,9,1,5.021443169045526,20.214939922527076
51,34,89,7,3,46.46131688089709,54.549034049483566
48,22,2,13,4,37.96167644516702,20.705708338303285
27,91,11,11,3,31.658675990865113,54.39731112849675
36,42,50,14,8,28.569959404476453,23.15990247638989
49,25,31,19,10,9.13741048604092,84.89238694760728
18,51,56,11,1,31.48258293516488,39.72714728404597
22,75,79,13,2,4.305240271566857,24.555062594449105
62,64,73,14,7,78.09638636444353,81.23261802470616
21,51,87,13,4,39.82277939580116,34.283896480545074
33,43,83,1,8,44.39038323199116,11.148768783878193
41,39,9,8,3,89.35945864501316,57.04094914036416
33,22,99,12,6,65.80549838612207,58.15642044379887
19,22,21,19,9,0.8059103342119789,71.46956752357342
45,27,73,12,1,94.3174822961285,24.021943320838556
49,41,28,8,1,23.714446597771122,44.37713390922451
44,48,62,8,8,10.761418475985884,28.236791904265623
37,55,7,29,3,76.81281783808822,8.095373611568812
41,38,80,21,5,50.047731586671816,87.66138270158916
29,71,16,13,1,43.377056601801755,72.88698044883411
52,71,97,12,5,24.950307968274178,30.14630594588007
50,66,4,29,6,54.74714898623186,59.937299287198634
50,25,4,16,8,27.438460520258744,20.126378813447243
60,65,40,1,3,90.15830052870676,89.02366217957709
54,19,17,13,3,21.52044797331928,11.49063433619103
29,39,52,26,10,88.43551504557536,0.38371455078008987
20,34,93,7,9,55.940542572735694,50.20081977391821
18,93,52,28,4,82.8488133895241,58.31278234528693
50,14,36,26,4,71.2845995860955,57.89653202958044
57,74,38,5,7,69.66951114367485,5.451192743782629
27,58,50,8,2,32.43458076950557,31.404380691843247
60,12,63,25,8,23.38969314722035,49.91989468413318
61,54,63,27,6,21.088622768078814,21.657918562724088
46,23,62,14,3,85.71916570595887,87.26258854858963
30,39,99,23,9,82.042682025902,8.710928946143405
29,77,7,30,5,44.057352801230735,48.738444167204285
48,27,27,13,8,13.24046134964546,69.14160575131521
63,71,92,15,7,38.225225197745836,26.175110013448244
19,46,86,23,8,61.93434541369114,62.424073699751816
52,34,14,17,7,45.44031544799528,82.93851501423745
40,57,71,15,3,78.0189268482995,19.033697509504755
34,74,86,20,2,99.76228222513855,91.72205918248628
43,62,5,18,7,19.113208844889684,55.3558532662358
25,88,55,18,3,45.965081965957246,29.923200430106057
46,82,2,2,3,43.098390192082206,43.08582753822707
43,24,62,4,2,30.44925327489508,31.219188378638798
27,58,91,30,4,19.80955167202896,72.51111599333161
43,97,21,1,8,6.569211648965922,79.63006634151321
51,77,79,4,1,88.71193172236984,83.2937392318661
58,21,21,18,1,41.98486976863176,98.57682495857412
24,68,10,5,5,49.68955185000489,79.12842924966836
21,46,87,19,5,91.69420482009158,60.13840706885634
62,70,58,15,1,77.62904775159478,33.92202983917838
28,52,39,28,6,13.050126411718422,54.45954487107494
46,79,5,8,1,56.54199676077424,4.106817279040542
53,48,65,20,5,44.22522765195591,74.48250755299131
42,65,13,17,9,79.72110725787628,44.595554509210174
38,72,85,1,5,72.42325476119493,2.002322973218762
53,55,90,12,6,69.0405721911072,6.250694151041081
27,97,85,26,8,34.05448354798969,38.74664638217566
54,20,53,19,1,80.49637303992544,58.34215190184351
26,71,82,15,2,5.239129559486122,46.42039489521267
41,86,45,9,9,15.962490143216723,61.92043172921549
52,34,32,7,3,33.56232729779117,48.02942587913558
52,80,36,2,6,7.6807441069281275,66.17038454813468
65,61,81,29,5,23.49942775346916,21.91260646708009
53,13,99,9,2,83.01509829979182,11.28431871836214
35,68,60,10,7,94.82515377900793,59.643395462566
56,81,11,2,4,30.46023557741905,48.46895169363074
49,29,63,19,1,26.451580398883824,2.6867654044935296
41,72,21,11,4,27.98926522464269,38.04818854930359
40,63,52,13,6,27.771908735084384,10.61255854909955
49,83,55,10,7,3.593018218597299,53.13568317526952
54,66,26,14,7,92.69163463311081,39.577767966043076
29,99,68,18,7,21.36981415703284,61.31519111030179
30,50,34,19,3,42.0004074081405,80.56022187702384
40,12,52,22,6,0.9686882740967739,29.96686838414908
42,15,82,9,8,85.79550909150572,96.21021041650275
52,14,99,25,4,73.11573444549173,53.56345005875745
58,14,93,7,8,94.67560351737032,61.8290798754788
47,63,52,28,2,78.1615479196399,68.0672373225737
34,56,29,3,10,31.370651205206524,66.67315298575897
37,96,38,20,9,24.787335872842363,51.09707430450621
65,58,42,6,9,69.7716307553293,42.87642911146835
42,18,21,27,8,36.411277501049945,5.37819641773779
39,29,42,21,10,56.621501575261654,2.208584530117974
30,70,13,2,10,0.6257471026470229,35.79611945327647
36,44,64,29,1,6.188570168047525,33.366089063369266
53,59,17,6,2,53.53679411816512,38.769515483900676
29,91,9,3,6,56.60716464481651,13.836820088819001
58,71,41,16,10,75.14529444593437,73.81682705368436
36,26,1,30,5,13.196531962396174,85.69644147762389
29,97,2,8,9,51.31830837567788,93.8714635374035
26,12,60,2,5,19.44476444316886,49.23623035196258
24,41,48,17,2,9.319611956269469,70.08656991254286
45,22,29,9,10,41.04957940605546,85.55511234358725
31,98,97,30,4,16.333664808905723,41.829111109348595
48,82,10,12,9,22.17819781923186,30.941279487044437
36,77,58,3,1,31.755457986950177,93.67245558534901
64,23,60,11,1,25.938840074319625,51.56765510770731
33,20,21,1,7,8.75912974059464,49.7253886590878
22,65,28,23,3,8.99162448597023,17.841609656349576
52,76,75,13,10,19.32494152341682,10.815501457335674
29,38,34,15,2,5.055918795953895,84.21068624835117
42,18,8,26,9,62.645701967692716,61.413317618751805
38,76,59,5,3,28.732671650890197,32.58245840194487
53,34,86,21,2,27.974596776907102,19.173621739026647
40,85,72,30,8,33.199829423776514,55.549728016963144
33,51,49,17,10,66.27962742097216,58.391928926113536
56,18,79,25,6,87.06338814834905,20.699360124505816
62,88,17,23,6,75.90869325556385,85.1405747891474
59,49,60,24,10,72.75292302250949,8.426436615585109
56,34,87,25,7,48.43911856008493,35.609308516642166
31,14,88,6,7,69.38055569674117,68.03844137625221
48,20,45,28,6,55.276236803358316,27.412036381920068
22,68,83,21,4,21.62505281865289,82.76751947812718
52,97,69,22,9,20.85883677410507,73.98678266004035
40,88,32,11,6,29.639200687528344,78.90228445481343
46,47,44,18,4,91.08026709698133,11.910653587671627
60,81,65,4,3,54.74148403797259,14.054712799554292
28,14,87,3,4,73.39053770018694,28.647373774458362
35,57,8,13,3,34.65587598165476,51.807716519756106
64,99,77,23,2,40.771577066522525,74.80160766994024
29,27,72,9,5,12.556557863725137,83.65308907609035
26,79,87,21,2,17.129495782167037,70.43353159571805
27,46,43,6,6,82.73565548261456,92.85968815306383
61,69,1,26,3,58.483863168888206,73.87435096159302
34,57,51,30,6,33.75324658838189,30.62678870046147
55,86,24,28,10,80.2851208995546,26.50812843385726
24,37,99,12,9,24.6519905637983,69.61924503010898
63,78,24,2,1,97.60326986002038,19.28705686896143
30,86,17,3,6,34.48176077461697,9.27148108102699
57,90,5,3,9,33.73109541512276,53.22228748561939
59,49,20,28,4,31.191190553670523,82.16415697789553
26,54,21,12,2,12.211151592428793,10.137984246986353
44,71,58,15,4,11.113714733201242,79.18913237957292
19,67,31,9,1,64.81050345341234,81.1572004351548
22,76,100,23,3,87.5118044558047,48.227400008154355
46,65,11,8,10,79.05205102716735,5.731031001048681
54,49,52,11,9,14.110759402135109,17.45898512471864
55,49,15,16,10,54.55821217920664,70.74262751619324
36,100,83,26,5,10.559154597664,71.17779449909494
25,86,7,27,6,4.5294643613077445,89.83552751676653
65,42,28,25,3,65.63858593847672,58.268614655458286
62,15,51,22,5,53.515233368035034,12.410736771377739
18,97,58,4,8,8.202368521147086,12.141490550497213
39,28,5,28,6,3.4939246405988444,72.11323573568237
34,89,5,1,4,98.97564134093346,18.378466510790116
24,49,94,24,2,3.0021332149071878,32.83854996166053
42,68,96,7,9,44.45282530501596,48.72120069219139
62,68,8,2,1,50.46190246076956,2.47648775761512
21,57,64,24,1,11.728014780044504,24.881902701993187
53,50,10,28,4,16.906177843971626,40.788960850728
23,22,38,5,7,35.18050064103525,27.963631849320624
48,54,96,7,1,76.16758762136627,13.637032746756583
36,98,92,4,9,50.70824240602667,72.80122577961974
61,62,81,5,4,63.790187455296156,81.31476551679849
56,51,95,24,3,98.51745550906747,25.747897614372484
44,72,8,1,1,76.80054353132097,77.44194946063033
27,36,25,1,10,43.43614981412177,38.55535644013138
43,47,73,15,4,44.64419217965487,50.66857908540028
36,69,66,20,9,61.8772077041005,85.60010748931528
56,16,79,19,10,66.53652084189044,74.99536818024079
20,14,50,29,6,50.07109258366713,80.51168513161777
62,54,67,10,6,64.486122281498,13.684516658635681
30,67,49,28,1,2.353249441409877,6.971942583372948
45,40,36,18,10,42.962286389684415,89.3404729087987
37,32,68,28,2,27.893807607347675,38.783426957109434
45,51,78,3,6,12.917444524311039,28.787967806968084
25,19,41,11,2,9.954651280877513,72.46962542618245
58,41,89,15,3,60.319216561466746,83.64155965798567
56,62,62,27,4,52.36005471526117,86.2489621898301
18,39,10,30,5,25.358411699636918,31.599714112522737
20,48,21,11,9,47.09500587725145,85.2212391201674
30,40,36,17,4,49.22323151824083,4.093394437434538
45,91,12,17,9,19.500898043861582,4.966149145971888
42,11,91,6,10,65.20930618816506,62.351919517415446
50,87,2,5,3,78.09193563860904,6.3106369115546235
55,86,13,8,8,79.1463540889519,32.46091685101615
23,21,53,2,1,60.24698307034551,67.2755986246924
61,48,32,16,9,51.16385825190141,33.726689605422635
62,75,95,20,9,6.100714300539489,17.959978144009593
49,22,16,24,10,28.783129885160584,28.135062185384164
62,55,32,12,2,9.327144677816989,45.757533225043176
64,36,32,6,4,96.38231608784736,47.538585535548236
38,26,98,1,8,13.50801462257607,78.30002313472019
33,69,11,4,7,15.177540985110205,75.01532294315125
38,73,10,17,1,88.95766183304922,45.68178045561352
28,97,15,13,5,94.39282834764579,84.56673490987714
54,44,17,18,7,76.58290392349099,11.423713859139584
53,79,40,5,4,0.540492367266987,25.53533502289015
52,92,18,30,1,0.13462709565637,82.79764635022515
36,39,55,24,9,37.81007697874508,37.79940386261531
37,80,73,24,5,14.339537001089253,98.11815587938422
35,83,25,27,2,1.8386142151597284,46.62532815278354
64,72,59,3,8,46.406668940450466,79.19356229637641
58,37,78,11,2,94.30618974069715,40.23070413823719
31,69,89,13,3,32.38195749024314,42.49535190624304
32,88,22,4,10,66.11406784286964,38.28831472841835
48,46,30,26,1,65.22353531324407,71.90756205108117
18,31,84,27,2,25.108010366516776,54.75178840599945
20,77,85,14,7,65.04252488238643,94.37781113683691
33,29,44,22,10,21.233397428689127,25.089031653410476
40,77,32,11,2,12.200741357688905,10.056273208344436
28,100,51,27,6,70.13832855596901,39.326148509921524
29,73,46,10,3,11.344081710391674,61.6712707646776
27,26,21,19,4,99.69092185893554,86.0798936915495
49,21,99,18,8,18.345240115022932,34.619688668032765
33,31,32,6,3,59.414186275645754,65.37867511244616
25,26,94,27,10,41.137457141258935,35.01986810232191
55,19,39,29,6,12.63864224056671,61.72195829944581
29,74,12,15,1,2.7843907577413396,88.48079470306509
41,31,47,21,7,62.273228229283326,23.135764225940903
45,99,18,30,8,80.67575637891261,40.424164210703914
25,91,21,10,8,84.2015661506744,99.32651964297466
45,59,13,5,3,48.271347307693446,86.85570282494608
53,23,21,26,10,77.74554671823856,56.463985789620196
43,73,8,29,1,67.28471334885448,51.66275918542753
25,56,46,5,9,72.42545274991332,28.4600382304681
45,38,7,10,6,49.25990052218141,51.72094276935294
45,85,23,28,9,63.34117402421271,84.81814982799472
54,45,96,5,7,80.55259135760569,68.51745132777806
58,61,75,3,1,39.7884175557023,29.004402817798656
53,85,86,23,1,80.59789008675837,20.146392105353293
44,16,22,6,6,59.201684278906285,26.52085369968291
34,38,89,4,5,16.590102437078624,16.975920139282653
26,20,22,18,9,2.4684157224584613,9.564069602371594
50,42,92,28,2,36.275360039915206,41.9136174442055
37,15,29,9,8,54.66963282963398,11.32996043982677
30,88,13,17,5,83.98203522034883,17.191255772710434
45,41,82,29,2,12.74856801402462,54.73246843394861
65,60,2,13,10,80.02063476835791,16.459927369957473
46,84,29,27,6,86.3009046067227,6.3879767430902845
30,67,85,15,10,15.068748700083379,31.73888500278852
63,96,79,30,8,85.1594319304219,22.031909862196752
52,35,52,20,4,99.1453567842792,51.53051879943767
23,55,27,17,2,72.68388310482375,10.236708458320932
35,38,50,13,5,78.4769681824988,75.17707876829782
22,13,95,16,2,99.44152675588734,90.62335194351387
64,90,79,22,2,60.548125052594536,74.34351739561944
42,22,23,4,6,30.78863820162494,53.282703740139425
19,48,88,5,10,83.75308340760557,86.06678217888852
27,24,44,5,9,61.44857775116313,69.49183797815076
47,38,77,9,4,58.11954237209566,1.0551122450189854
62,38,22,17,6,25.363555551403827,39.40901527745031
22,84,43,13,7,75.63342695828867,85.09518994068
50,41,37,2,6,8.166727586009625,34.58588579752693
18,11,61,13,8,92.42870707946612,3.52151735255235
35,56,97,22,4,32.58234607704848,74.61796385522723
49,87,56,21,1,12.777465278999045,80.20382702828685
64,93,3,27,7,44.23665331024188,16.059369504330856
28,31,63,23,3,4.246990925653316,53.73404968431812
38,84,19,19,6,68.46261942649663,19.195543899572577
43,36,23,3,2,90.27055104453562,71.92344190441467
42,76,29,10,9,83.72630071385088,27.155045517748565
39,90,30,2,1,12.736947344788108,31.621512256333006
44,65,39,13,6,12.627113710773186,84.49708536401013
30,30,25,19,6,81.34344823242641,47.63223522069043
50,56,8,26,5,92.4254274603116,66.97544512182478
51,89,58,17,5,46.066982983348915,40.23730507224676
58,68,16,21,1,49.897111691376594,29.80068571937554
52,93,72,14,10,31.82620413857259,62.547806042466135
18,15,1,12,5,89.4265118256414,15.485757407882128
38,28,5,21,2,64.4902905292356,37.2999835566863
65,66,3,12,7,28.82515771673685,20.903703738592228
23,78,65,11,3,29.878287105425162,69.57949669407455
45,12,4,7,4,89.12000730636024,94.42088383461076
34,10,99,4,3,1.3634023905821469,99.55109680158664
22,67,96,19,3,32.27265727266384,45.027681044159074
48,47,64,1,4,55.43566812163691,25.253038963644446
22,24,98,28,5,14.821746209932464,44.282937038432415
55,43,89,24,1,9.20987541995898,84.72694099627238
20,70,10,29,4,81.527633109056,20.600567855203987
40,44,21,3,8,89.44043886485072,95.20956516529237
54,73,46,13,10,82.36064207981894,34.1865768798151
54,34,91,15,7,89.87878897373477,98.5803659450305
27,33,27,2,9,55.31119710583715,83.86088875339622
27,21,66,11,5,81.22581209903419,80.85705341473903
36,27,41,4,10,38.404263839110044,31.79046737732836
34,24,13,19,4,66.62678614790384,0.8777211947929464
38,89,9,29,8,98.88355313891644,38.213290882598784
31,36,36,17,9,22.572772383912742,30.180936966269368
26,81,86,3,7,38.98997462910806,3.7396990408797293
63,69,90,28,7,48.00473773100856,50.536525650592964
18,55,58,18,5,13.801548702005173,40.30313112827366
62,98,54,8,4,8.103861046505678,63.45564677415248
30,26,12,22,10,82.97228663216244,62.11863221940832
21,62,81,25,1,97.67943728275861,12.074663589668011
18,17,78,24,10,40.47250638296587,97.69655461266225
57,88,14,26,10,8.764983619465328,18.693142944144693
49,36,34,19,7,6.581176069057648,44.527402476470456
51,55,53,5,1,89.13182063602987,48.811754343373494
45,59,20,7,1,46.381424972767995,81.30627972141201
48,80,75,21,5,32.00273165623919,9.922959609464677
25,12,16,8,9,47.646127123939955,42.864427920853174
56,73,95,28,6,31.830409469234734,62.85021702362039
43,53,70,5,3,48.903577530762,21.515562162405555
51,62,56,17,3,85.95563969179368,62.74678987660728
20,33,83,5,7,59.23013710620957,92.36648375496527
29,69,58,4,6,69.46537728101754,99.7518131172675
18,12,4,22,9,36.46706762343366,3.2451076790675715
61,29,4,19,6,73.85058785105187,23.55882282446775
22,55,20,27,5,66.66170848793723,31.030711579169747
47,24,10,21,10,11.956199775205645,39.91261004449661
47,34,24,2,7,57.26428531155846,24.22571575847674
34,87,99,11,1,25.6743496309758,20.348799455531253
65,80,26,22,7,80.40956696335928,95.45538424175
64,26,37,13,3,42.59377084669394,91.85216027705178
40,93,85,15,9,99.46841651964871,4.6992501003117475
32,18,54,12,6,9.250043793896378,33.881302160484815
54,47,21,22,9,78.03478627401586,40.51485536784066
38,57,74,21,5,67.37017335421565,23.901453466594337
31,69,38,22,7,76.74988305907054,62.88728969881755
19,72,46,11,4,30.752979549045634,64.0380746644241
28,95,4,7,7,49.20544893824006,85.05042283285971
56,11,60,28,1,79.65085197237084,74.08692683852178
55,97,57,5,7,23.2541331620855,54.25733269659556
51,81,45,17,8,22.60331967886521,65.35867700444199
55,20,20,24,5,55.10509532949324,27.39887815430181
51,73,17,20,2,52.356357952985576,59.30561899673577
35,86,71,9,5,28.226247041293284,48.92272547499192
47,90,4,14,6,29.807565052482275,13.33444673163704
32,81,93,26,2,27.78451632065655,24.25442765829707
44,30,14,12,6,77.15120619984876,29.169345072158603
51,27,3,6,6,65.19008655624606,92.4309567052558
55,73,88,17,1,83.24171834102528,23.038663938588943
50,91,80,19,1,97.54730283140218,28.924390281966815
41,47,58,19,10,47.41642962719864,36.93541300894323
32,41,55,26,3,6.669388140544886,66.3742738625387
47,20,4,16,10,4.809231041203543,11.823839247214051
59,54,24,12,10,29.566503927161914,95.3945212493776
34,98,34,12,3,93.25445893524508,86.55712200947644
22,42,30,20,4,52.32130549708749,57.721607300895016
46,50,82,6,2,27.178651608012917,67.40378674249567
21,17,19,23,9,39.916679451101956,1.666047124421599
27,20,31,26,10,59.85951074046708,33.89447753484487
34,95,60,4,7,65.29496581378422,79.5660230661442
27,60,60,6,7,15.391950978290502,7.748297379238589
34,97,19,11,6,97.7031676545176,28.23138342107202
37,50,49,1,3,54.47722269827888,58.52968283343113
41,26,63,30,6,13.56883177922793,25.641302769894182
22,85,83,24,8,89.36352533461337,93.39779741445192
51,55,22,23,8,7.46384310794288,13.105863080429037
23,41,24,15,9,90.77354331775128,79.73943579077786
19,88,76,27,1,99.65656562889824,50.794869190640824
30,89,30,11,1,70.04317991565038,75.0330775819956
60,63,58,25,3,77.04472210739898,31.071532831144744
60,95,31,19,3,33.73028364674864,51.44896023120388
65,29,100,18,10,94.15768527339338,85.68353497231763
28,42,64,17,8,52.97139661083676,46.68780991231044
64,83,19,19,10,73.23884465975549,35.971986191026964
40,49,48,21,1,92.41077159112795,53.61553862527361
33,41,45,14,2,97.51799759755083,71.73627530363669
48,11,100,27,2,83.32043565966744,44.356334549850274
28,42,94,18,3,30.301750698203,93.8876975142273
33,86,55,28,6,96.65475165520824,29.494582404234205
25,39,55,19,1,62.81195312435718,47.54636061691204
21,42,97,15,2,93.06424763519598,75.69276593414415
57,86,18,15,1,67.61050258143518,68.91210904957582
21,35,63,4,5,30.723896184772048,86.36410524171562
42,31,92,7,7,37.00245241428159,99.68091806811088
20,75,47,13,8,55.04717771029405,42.68583287950896
49,47,75,3,10,79.0014841559882,11.115087978331184
20,99,57,16,1,31.798255134033493,3.0415880807967977
44,55,45,9,7,57.97311661341921,72.68769061397717
46,24,33,8,5,34.56249935764015,87.40136713087156
49,53,17,20,10,81.57694046351071,22.07125859444187
36,58,70,13,1,46.672809376795044,15.844803718990597
38,84,4,17,3,7.672282685288523,6.2205091525690985
22,70,20,17,7,16.60525214815364,82.27029217172064
35,76,47,17,10,6.110466761963229,31.138193989258433
45,15,91,1,1,49.93029460143252,40.169689275977646
59,18,15,8,7,10.633729734822717,50.27501916096123
39,15,70,19,5,11.413996930963211,83.94532342095508
38,82,47,6,1,94.1048260038377,65.0833221561485
23,41,78,3,1,87.26550721760555,61.50646298578113
18,50,75,27,1,45.208659681136595,17.56720999559107
22,85,9,5,9,98.58053208502058,51.318989170982974
58,17,90,13,3,0.01865281706631139,71.53810171786552
29,81,16,15,5,61.39794562733938,97.32608830304918
43,59,69,14,10,61.642817737187,20.140630921335223
63,71,61,29,9,45.74430558698882,0.9543353067226645
51,93,10,23,6,39.69479729342928,7.530143359846974
31,71,50,16,9,45.53831354806076,37.58524651819792
43,16,3,18,8,41.49604360796805,82.05446477459871
62,84,77,22,8,73.04924774822994,0.7142081768245045
44,93,94,29,1,13.535543497328407,45.67305928858403
26,89,70,22,9,19.763922059113014,32.92306153413945
43,13,81,11,6,18.05182283924236,5.248171009972758
64,15,51,3,9,26.247058512126454,45.023628667261725
39,67,19,22,3,52.52584187815833,25.474870733671885
64,31,42,10,3,11.120874733821873,35.18848343470064
47,35,35,10,6,86.8169295326504,70.5615304784293
60,12,46,30,9,29.73615313084723,52.15509839109671
65,50,26,21,7,16.253798746870785,12.464742899281333
34,69,69,16,3,67.56213095982433,96.1414540423639
43,23,93,12,3,3.808630059931928,63.59107657097384
53,84,64,2,2,61.996856487416416,76.58684256625315
18,91,37,9,9,69.81984306764998,7.921315000837081
25,21,84,24,3,21.491653138671918,4.705837946001889
52,96,49,3,5,4.196407344363429,1.9448050368081171
32,21,21,24,9,36.36453589194496,18.879402777344445
64,22,74,30,8,9.859423024193648,41.44083977184951
39,34,64,25,2,11.647784967333708,93.58261334028228
31,54,5,30,3,25.426123144486457,45.70596592657763
43,28,100,15,2,29.54679246267593,29.02551053725294
45,64,70,3,8,52.99703410214206,56.193525351966336
40,54,90,19,6,67.83918855030132,11.193457813478924
31,17,4,18,6,59.277094087018476,60.95058910049832
41,62,39,8,9,14.83603372895168,56.84319543305033
19,64,35,26,8,17.208603245262644,79.19930334057096
62,41,1,17,4,87.87692497929145,98.6687611617024
43,60,24,8,4,55.83523150641136,25.08734717161105
31,53,57,7,9,86.9937832897689,50.96564508037606
24,91,100,30,1,37.154651131987436,90.88654063190036
20,79,70,7,2,61.44000074313239,78.51898844228413
64,27,41,3,2,52.36634160546107,48.74063031008076
40,92,54,1,6,31.912348982046257,94.53716496147779
63,31,46,4,4,46.991537203359535,5.723669351680938
60,46,60,25,10,50.24908768269321,93.0998619712584
64,65,60,5,3,20.07709747566786,5.050739238280655
62,68,57,1,3,31.501037237673156,54.730474411468435
35,12,31,15,3,79.14097505069756,89.04409480010858
55,37,84,5,6,91.57882394541271,26.27209435613028
52,83,24,13,8,35.97940935452995,47.224849894515856
32,44,89,8,7,30.697228220901817,32.43288791369666
42,70,36,8,4,19.519716457188252,95.21439170763514
54,63,85,5,4,67.84911686505812,82.36455947530908
45,72,30,28,10,32.309970166633725,70.90015113263796
27,88,24,9,2,98.77495390991885,58.76269866151087
56,16,30,1,1,32.56848020639532,82.05917893241481
34,85,86,4,9,39.413604678262814,39.226704152354706
56,58,92,3,2,60.333419621203475,44.75518551060619
39,94,7,2,8,80.1684293191305,73.00017210808615
43,40,35,8,9,46.95186653456337,35.77547632937142
61,67,55,23,4,42.26560337889583,6.390094204837382
42,70,92,9,8,99.56378335948082,7.433460888607146
34,33,14,2,9,1.0493641139944443,11.536280130570386
30,29,10,14,10,89.50652888512458,86.96813233436627
37,46,80,14,10,14.914082593973744,47.22264257562043
42,13,16,4,5,78.59252762089135,71.28823693447364
21,29,54,30,7,61.7931559846298,39.29093356048933
27,69,95,6,10,34.18472854980921,25.87109474156345
20,33,89,11,4,87.38749555210184,34.71921675622119
58,59,77,3,1,1.2907227980991975,79.41823453171835
62,58,70,8,3,22.669065207492366,62.52161250314382
35,60,44,3,5,56.689279624953606,93.7639779957902
64,45,73,14,3,35.1542260049698,67.97047785768339
53,75,45,28,7,61.037749531832766,57.0181631754694
64,88,100,13,9,2.4110193408666825,61.01960089858345
39,43,56,13,6,11.645893048171253,94.23714394684146
51,45,84,2,10,12.709624021843924,78.8200929866706
64,15,82,13,1,18.928364591600943,2.4041237366437818
25,48,57,29,7,45.93314408005428,53.41396961356972
57,51,21,19,3,75.21286995435712,68.83384115465648
61,67,68,27,5,90.5538837928901,74.86984784391551
36,21,50,6,10,83.5372530284246,21.314211931393668
59,12,33,16,4,19.688787177568358,86.71773544513522
58,27,91,2,10,44.11505522306324,95.58431471751638
54,49,7,8,5,19.9411597758535,23.671530584486977
23,30,70,17,5,26.44718166671908,88.26154575172458
43,24,15,23,6,50.354698151188614,9.69787625160954
51,35,82,2,10,6.810902472352254,5.570683611524519
62,17,32,10,10,21.81743295932732,12.922380010274937
23,96,75,28,6,93.53781613071173,5.7741079467036
54,51,20,16,8,46.6116292658489,84.5012237155776
50,53,88,6,8,44.53865259778722,5.905014445827195
39,23,15,28,9,1.45671547512789,27.166419136365548
38,87,48,2,8,24.739974705834577,10.375634353585639
23,11,71,2,2,86.62924359821812,29.542203631376495
23,46,21,26,10,16.462842825866876,9.055946760092048
65,78,42,13,1,41.51249395347211,66.8003250743014
21,47,26,24,10,1.4330905867001253,13.332681634257515
47,50,14,15,2,47.83354816705558,85.18459258388879
28,71,57,28,2,2.1021106726217154,81.7191050726641
47,69,37,2,3,81.96095530657999,1.366168547060942
48,23,58,7,10,82.48537674871037,89.57263555151145
41,98,21,3,7,78.77421883023699,2.894431674336706
26,93,82,8,2,28.33640688911182,23.96457849575566
20,11,69,23,1,83.7237218221818,3.238913777599506
48,79,3,14,6,54.29981326052693,33.584348703931596
57,26,87,24,9,37.380810886700246,51.38665257132716
54,98,90,30,3,62.5329959704233,79.66448690151381
53,37,37,23,6,1.2341046060374006,33.79815504698362
41,75,88,27,3,14.296087760075215,70.54900246731167
48,44,49,22,1,74.22935381702628,18.750445711898035
23,14,19,29,5,24.4161608716153,75.05984567441264
19,74,89,7,10,59.800911732874965,23.599660590923754
37,49,85,21,4,38.510260282302966,14.354475594376792
45,85,12,7,7,85.48057787992614,18.54088503740543
28,65,61,1,6,95.24153059966436,18.20631288818554
21,45,41,17,10,88.35647283701904,51.286287937699115
32,54,33,9,7,27.061999469359666,84.4797581188146
23,32,50,30,5,19.416286904608228,7.960507699250563
47,56,68,21,4,47.4434893620735,70.69563184934226
55,40,71,13,7,0.7334150836180275,65.43464596528577
19,20,86,21,7,2.5809392863181735,87.25199518293624
32,19,33,19,6,55.329063962300005,24.414756050690723
28,76,81,21,8,52.0449404165286,45.010985868502964
25,23,24,19,4,99.458198903526,92.58273744435174
43,89,61,25,10,20.184183536375812,65.99934501353172
62,83,61,25,5,25.810392916046844,38.87684128615969
61,19,98,22,4,11.35406423262867,13.141238285526846
22,85,28,17,1,91.75430096537447,26.248500790059104
23,10,58,23,8,77.78112444584508,58.121547748938326
43,14,43,23,1,82.23391114568474,71.81679475605137
21,29,41,30,5,90.27637879645087,12.442188685189349
36,17,39,10,6,52.48999867258382,59.9597260044054
37,52,86,10,6,45.11931914507237,55.0351278838751
50,85,49,4,5,33.03914736656165,51.3955446690708
37,10,17,8,3,58.92146143478555,69.01231176820079
29,66,98,22,5,45.42783967898225,83.74495950834618
64,73,70,20,8,45.15655866055751,32.298968317686835
18,93,70,20,2,93.69278637311389,88.90121901109595
43,37,98,18,6,98.40315142791302,16.063361261855068
31,46,65,14,9,79.64843893295807,17.302386975116434
55,56,74,18,8,75.67580902469282,26.67720636239239
54,85,85,28,8,68.05581617791015,11.953086954707782
28,46,5,14,8,16.607485233351373,23.031922468287757
